date,ABI.BR,AD.AS,ADS.DE,ADYEN.AS,AI.PA,AIR.PA,ALV.DE,ASML.AS,BAS.DE,BAYN.DE,BBVA.MC,BMW.DE,BN.PA,BNP.PA,CS.PA,DB1.DE,DG.PA,DHL.DE,DTE.DE,EL.PA,ENEL.MI,ENI.MI,IBE.MC,IFX.DE,INGA.AS,ISP.MI,ITX.MC,KER.PA,MBG.DE,MUV2.DE,NDA-FI.HE,NOKIA.HE,OR.PA,PRX.AS,RACE.MI,RI.PA,RMS.PA,SAF.PA,SAN.MC,SAN.PA,SAP.DE,SGO.PA,SIE.DE,STLAM.MI,SU.PA,TTE.PA,UCG.MI,VOW3.DE,^STOXX50E
2025-01-02,47.1117,29.6621,230.2179,1428.0000,136.2636,153.7779,272.0092,680.1049,38.7785,19.2401,8.5032,69.9837,60.9408,52.2863,30.8248,216.8420,92.9960,30.9508,27.4492,225.1879,6.2688,12.1279,12.5841,30.8732,13.4627,3.4756,47.7854,225.2751,45.4755,453.5046,9.0958,4.1209,325.6843,38.4844,401.4633,99.1472,2254.3586,210.1419,4.2224,85.5574,232.4677,81.3990,180.9494,11.5849,233.6807,49.4114,35.5257,76.8318,
2025-01-03,45.7783,29.9145,227.2028,1437.0000,135.1970,152.2799,272.1008,678.1336,37.8045,18.8451,8.5215,68.4783,60.8093,51.6157,30.5114,215.0980,92.2684,30.7226,27.5809,221.3419,6.2581,12.1351,12.7416,30.4848,13.4467,3.4747,47.4625,214.2907,45.1057,455.5346,9.0915,4.0922,319.8083,38.2850,397.6371,96.0888,2191.6562,206.9150,4.2181,84.2421,228.8620,79.6336,178.7105,11.1774,232.3266,49.6597,35.4933,76.3569,4871.4502
2025-01-06,45.9329,29.6808,232.9412,1479.4000,138.2919,153.2978,274.0255,737.0760,38.4735,19.5696,8.9111,71.5070,60.6215,52.9747,30.8517,213.4508,93.2385,31.2154,27.1386,224.0341,6.2732,12.2882,12.7926,32.7220,13.6187,3.5473,48.3551,219.5441,46.7311,458.3949,9.0915,4.0922,325.5880,35.5091,403.5236,98.9646,2290.6086,208.9685,4.3634,85.8658,233.1499,81.9116,184.7383,11.6143,242.9177,50.3127,36.5994,78.6964,4986.6401
2025-01-07,46.1261,30.2604,236.6372,1480.0000,139.2361,152.1070,275.2168,727.8109,38.6374,19.6351,9.0300,70.6647,61.5608,53.3012,31.1293,215.8731,94.3485,31.4709,27.2986,225.7649,6.2411,12.3080,12.7046,33.3907,13.5815,3.5306,48.2792,221.4544,46.7139,465.7765,9.3810,4.2854,323.9022,34.6070,407.1537,99.2842,2317.0615,211.1198,4.4056,86.9453,237.0966,80.9624,185.1784,11.7392,244.7554,50.5610,36.6920,78.9602,5011.8198
2025-01-08,45.7976,30.2697,237.9988,1478.4000,137.8198,152.2799,276.4083,713.9130,38.1959,19.5160,9.0556,68.7829,60.8281,53.0717,31.2099,218.8767,93.0333,31.4709,27.3739,224.8033,6.2349,12.3171,12.6814,32.1614,13.5483,3.5821,48.1272,216.5353,45.8453,465.0383,9.3129,4.2678,319.2785,34.2532,412.2554,98.5995,2321.9600,211.4131,4.3821,86.7820,238.5096,80.9054,187.1877,11.4289,243.1595,50.7265,37.5759,78.5556,4996.3901
2025-01-09,46.0102,30.4567,239.2632,1489.6000,138.4318,150.3594,275.4001,723.3754,38.1504,19.6073,9.1397,67.6718,61.5795,52.9041,30.8159,221.5897,93.3691,31.0238,27.5338,226.5341,6.2759,12.3765,12.7324,31.7435,13.6075,3.6015,48.5261,218.4934,45.6303,455.9959,9.2661,4.2096,319.7120,34.5372,412.0591,99.6037,2328.8181,215.7157,4.3821,87.3535,238.8994,81.4180,188.1062,11.4014,247.2218,50.8552,37.5343,78.8898,5017.9102
2025-01-10,44.1068,30.3351,237.1235,1472.4000,136.4559,151.3004,271.2760,714.8987,37.7999,19.8296,9.0867,68.4424,60.4900,52.3746,30.3054,218.4892,92.3990,30.8048,27.7032,226.0533,6.2197,12.3819,12.4223,31.6796,13.4963,3.6213,47.6144,217.5860,47.3331,447.0458,9.2618,4.2081,315.3772,33.6452,410.5875,95.6323,2319.0210,215.5201,4.3812,86.7276,239.5816,79.7854,186.0970,11.2692,242.3374,50.8093,37.0391,79.4703,4977.2598
2025-01-13,43.9232,30.1949,232.2604,1390.8000,136.8056,149.2646,269.3514,701.2966,38.0776,19.8822,9.3693,68.2991,60.0955,52.6305,29.9830,218.8767,92.1192,30.5949,28.0890,224.4187,6.1438,12.4972,12.3799,31.9205,13.9247,3.5758,46.4464,217.2039,47.6857,446.2154,9.3469,4.1457,316.3405,33.1468,399.2068,95.6323,2305.3047,214.0533,4.3999,86.1470,237.6813,79.4438,184.8340,11.0525,239.8709,51.4254,37.3168,79.9452,4954.2100
2025-01-14,43.5367,30.3725,230.8015,1432.2000,136.2986,149.7832,270.9095,702.4794,38.6920,19.4525,9.4607,68.0840,59.8325,53.6630,30.1442,221.5897,92.4736,30.1569,28.4184,224.5149,6.1760,12.3819,12.3704,32.2794,14.0054,3.6751,46.8737,212.4821,47.7717,449.1680,9.4320,4.1910,314.6548,33.7747,402.9350,94.9020,2311.1831,217.5736,4.4938,84.5778,241.0920,79.9563,185.5803,11.1076,241.7086,51.1311,37.8860,80.8071,4980.4702
2025-01-15,43.6720,30.9147,234.4974,1465.6000,136.7357,148.2468,276.1333,702.4794,40.3032,20.5719,9.5201,69.0338,60.2458,54.7837,30.8069,222.0741,93.2199,31.4435,28.2490,227.5918,6.2902,12.5981,12.5024,32.8498,14.1756,3.6791,47.7474,215.1321,48.4167,457.9336,9.5044,4.2844,317.4001,34.4774,410.6856,93.8521,2316.0815,217.3781,4.5701,86.9181,247.1340,81.5319,187.1303,11.3187,243.6915,51.4346,38.6543,82.0912,5032.3101
2025-01-16,43.9039,31.2139,235.7618,1488.0000,138.3793,150.9547,278.2412,734.7104,40.1803,20.5818,9.4470,68.3170,60.5463,54.8984,31.4159,221.9773,94.2552,31.7446,28.5219,230.9571,6.3393,12.5621,12.5071,32.8744,14.3047,3.6999,46.5414,228.4303,47.4363,459.5022,9.4704,4.1509,326.4549,34.2980,412.1573,95.3128,2429.7305,219.0404,4.5864,88.7867,248.5470,80.7726,186.7284,11.2067,246.0128,52.7681,38.8024,81.7394,5106.9302
2025-01-17,45.0923,31.7374,235.0810,1494.6000,141.1944,154.3925,280.2574,728.5007,40.4534,20.9837,9.4516,69.0876,61.0723,54.9249,31.6666,223.1400,95.7010,31.7446,28.5219,234.7070,6.3857,12.6954,12.5354,33.4398,14.2312,3.7410,46.8927,233.8749,47.3761,464.3002,9.5470,4.2100,330.8379,34.9758,416.2778,98.0517,2439.5276,222.3651,4.6027,89.0679,250.3011,82.1773,192.1726,11.5207,250.4620,52.8508,39.3069,82.1615,5148.2998
2025-01-20,45.5174,32.0459,236.6372,1490.0000,141.6491,156.9276,280.5324,737.2733,41.4047,21.1177,9.5339,71.0231,61.4668,55.5515,31.6487,222.4617,96.0741,31.7446,28.4560,235.6685,6.2477,12.5153,12.4741,33.5677,14.3692,3.7622,46.4844,238.5485,48.4769,464.3002,9.5683,4.2544,328.2851,35.0555,413.9232,98.2343,2447.3655,221.6806,4.6943,89.6666,249.4728,83.1454,193.0816,11.7942,252.0096,52.5749,39.9132,83.5511,5164.4399
2025-01-21,45.0054,32.1394,236.7344,1491.4000,140.6349,156.8124,279.0660,721.8970,41.5185,21.2765,9.5476,69.7507,61.4480,55.6927,31.5681,224.5933,95.9808,31.7446,28.5407,240.3800,6.2495,12.3657,12.5637,33.8676,14.3477,3.7568,46.0381,239.8013,48.2017,462.8239,9.7172,4.2453,328.6705,34.8213,412.0591,97.3670,2510.0686,222.5607,4.5931,89.8208,250.2037,83.4492,195.3300,11.6143,254.2342,52.0875,39.6401,82.9003,5165.9600
2025-01-22,44.5223,31.7187,251.0319,1506.6000,141.9813,158.5793,280.8990,737.3717,41.2181,20.8249,9.4698,70.0912,61.2038,54.9867,31.9890,227.5969,95.9342,31.9180,28.1831,243.7453,6.1529,12.3207,12.4364,33.7348,14.1201,3.6990,46.2185,236.0912,48.3737,482.0159,9.7087,4.2601,336.8102,34.8512,409.0177,96.3171,2563.9534,227.9389,4.5437,89.6666,255.6121,83.8858,198.2004,11.6584,260.9564,51.8484,39.2930,82.5309,5205.8301
2025-01-23,44.5416,31.7748,251.8100,1516.0000,141.3868,160.0389,284.8398,705.0421,41.6049,20.9142,9.7259,69.3385,61.0911,55.9309,32.3472,227.5000,96.9602,32.2556,28.2302,244.7068,6.1345,12.2468,12.4364,33.6168,14.4069,3.7717,46.2470,238.2112,48.0039,481.6469,9.8747,4.3026,341.5302,34.7864,401.4633,96.5453,2585.5073,232.6326,4.6550,90.6100,255.7096,85.1386,199.9705,11.6235,262.7941,51.6277,40.2880,83.9029,5217.5000
2025-01-24,45.0440,31.2606,247.5305,1520.4000,143.1703,160.4038,283.0985,690.6515,42.7838,20.7356,9.8036,70.6468,60.9972,56.1339,32.1502,227.5969,95.4678,32.2556,27.6185,246.2452,6.1465,12.0792,12.3987,33.4546,14.3567,3.7861,46.4464,248.9076,48.8380,482.3850,9.8619,4.1347,345.2870,35.3396,403.2293,100.8819,2608.0413,231.2636,4.6823,90.8549,256.8303,85.2715,199.4443,11.7447,261.7785,51.3518,40.5009,84.9935,5219.3701
2025-01-27,45.8846,31.6346,248.1140,1503.6000,145.0762,159.2515,286.8561,642.2556,42.6973,21.2814,9.8631,72.6181,62.3685,56.6810,32.5532,230.4068,96.4938,32.7027,28.0514,247.6875,6.2182,12.0810,12.5966,32.8252,14.3280,3.7698,46.1520,253.0031,49.5518,489.9511,9.8960,4.1418,349.8144,35.2698,400.7766,101.4753,2608.0413,229.8946,4.7010,91.9253,254.7351,84.1705,192.6988,11.9173,236.9693,51.2139,40.5842,86.1720,5188.4502
2025-01-28,45.8363,31.9991,246.6551,1552.8000,145.7407,160.1733,288.6890,637.3272,42.9840,21.3310,10.0048,70.6109,63.3454,56.9899,32.8398,231.0850,97.4732,32.9673,28.9548,249.5144,6.2468,12.1008,12.7569,32.5056,14.3334,3.7861,47.5765,250.8349,50.2570,488.8438,9.8747,4.0813,354.1010,35.7483,402.5425,101.9774,2608.0413,232.8282,4.7125,92.2700,255.9045,84.9868,191.4072,11.7777,219.2691,51.2691,40.9823,86.0313,5195.7100
2025-01-29,45.5947,31.9898,249.4757,1516.0000,146.3352,160.0005,287.9558,672.7126,42.6427,21.3757,10.1192,71.0590,62.8758,57.0693,32.6697,230.4068,96.1674,32.6388,30.3004,253.1682,6.2284,12.1171,12.7616,31.9697,14.4624,3.8367,48.8869,237.2958,50.5150,487.7366,9.8577,4.1051,343.2641,36.3414,404.5047,99.3755,2626.6560,232.4371,4.8017,92.3969,260.3872,84.7780,194.5646,11.8144,229.6668,51.3151,41.5191,85.7674,5230.6602
2025-01-30,46.2228,32.1394,252.3935,1563.0000,147.8739,159.7124,289.2389,696.5654,43.0159,21.6932,10.2563,71.5787,63.7587,57.9430,32.8577,233.2166,97.4732,31.9910,30.3851,254.8989,6.3167,12.2846,12.8747,30.9125,14.4732,3.8073,50.0835,246.6431,51.0224,485.8912,9.9471,4.3817,350.1997,36.5357,404.8972,100.4254,2647.2305,233.1216,4.8209,93.9934,261.2155,85.9739,196.2868,11.9613,233.1004,51.6461,41.4867,86.0313,5282.2100
2025-01-31,46.0778,31.9337,247.9195,1570.0000,147.4018,160.4806,288.1391,712.3360,42.4288,21.4749,10.1054,70.4317,63.3830,57.9959,32.8219,230.9881,97.4732,31.7628,30.4416,255.4758,6.3194,12.3423,12.8558,31.5222,14.3961,3.7852,50.0645,244.2340,50.6698,482.0159,9.7726,4.3312,345.3352,36.8597,408.7234,100.6080,2668.7844,234.5884,4.7604,94.7010,261.6541,85.9739,198.4875,11.8989,237.3078,51.8576,41.1165,86.7524,5286.8701
2025-02-03,45.7880,31.8963,246.5578,1552.4000,146.7024,159.9621,285.8479,699.7195,40.8130,20.8497,9.8265,68.7471,62.4813,56.7605,32.5711,232.4415,97.1468,31.2884,30.6204,253.8412,6.3351,12.2792,12.7899,30.7355,14.1631,3.7658,49.1339,235.0794,49.1992,479.0633,9.6661,4.3653,340.8559,36.8896,407.4480,98.5538,2664.8655,234.3928,4.6430,94.7554,256.4405,82.5190,193.3686,11.3610,229.9569,51.4714,40.8203,83.1993,5217.9102
2025-02-04,45.4788,32.6348,246.6551,1599.6000,147.1220,159.4243,286.7644,702.1837,41.0815,21.0581,10.0597,69.1414,61.4480,59.1696,33.1891,232.8290,98.5459,31.3614,30.4416,258.3604,6.3636,12.4180,12.9030,33.9217,14.3835,3.8385,49.7036,238.9340,49.3110,483.3077,9.6151,4.3341,337.7734,37.8165,440.2165,96.9105,2661.9263,234.6862,4.7839,93.1408,260.4846,82.8987,193.1294,11.5758,230.9725,52.4370,41.2923,83.2521,5264.5898
2025-02-05,45.3725,32.6909,245.3907,1601.0000,146.5625,160.2694,286.9477,695.9741,41.0406,20.8795,10.0871,68.3887,61.6923,58.5960,33.0906,233.7011,98.3127,31.3431,30.7333,260.6680,6.3958,12.3819,12.9831,34.9100,14.3083,3.8123,49.5327,235.4649,48.7176,483.8613,9.5853,4.4013,332.9089,37.5773,435.4091,93.3956,2667.8047,235.9574,5.1805,93.9753,263.8954,83.3542,192.5553,11.5207,224.7823,53.3474,41.3062,82.1263,5271.1201
2025-02-06,46.9667,32.7377,252.3935,1585.4000,148.9055,161.2296,290.4303,705.0421,44.0127,21.0581,10.6404,69.5536,62.1995,60.2374,33.4756,233.4104,100.0383,32.3103,31.0720,260.2834,6.3406,12.4432,12.8134,36.6899,14.2670,3.9260,50.0835,242.7403,49.4658,482.3850,9.8577,4.4368,340.1335,38.3647,438.7449,96.4083,2703.0750,235.6640,5.3972,94.0841,266.6728,88.4986,199.0615,11.6345,231.6496,53.8992,42.7687,84.3427,5356.6299
2025-02-07,47.2469,32.8592,246.6551,1553.2000,147.8564,160.2886,291.8050,692.9185,43.2571,20.7852,10.6542,68.4424,62.8382,61.2875,33.6368,233.1197,102.4635,31.7537,30.9685,259.5142,6.3424,12.4882,12.7286,36.2916,14.3101,3.9274,50.0075,232.8149,48.9154,484.5995,9.8619,4.4747,328.0925,38.7535,426.7755,91.8892,2651.1494,238.2065,5.3004,93.7576,264.0903,88.8214,198.4875,11.5042,229.3282,54.1475,43.5277,82.4254,5325.3999
2025-02-10,47.1310,33.0088,250.2538,1544.2000,148.4334,160.7879,293.2714,708.2490,43.0705,20.8597,10.5215,69.0338,62.5940,61.3228,33.7980,233.4104,100.9244,31.7537,31.4108,261.8218,6.3673,12.5098,12.7899,36.0065,14.1900,3.9193,50.5773,235.3203,49.4916,487.1830,9.8790,4.5069,329.8746,39.9047,435.5073,90.7663,2694.2573,240.3577,5.2591,94.1567,264.8699,88.8214,202.0276,11.5923,234.3094,53.9084,43.7129,82.9531,5358.2998
2025-02-11,47.1406,33.3546,247.7250,1551.0000,149.1853,160.5766,293.4547,714.7686,42.7474,20.5719,10.7044,68.2991,62.5564,61.8876,34.0309,234.1855,99.6186,32.3651,31.8342,266.3410,6.3204,12.6684,12.5731,36.1343,14.3620,3.9919,50.8242,238.4040,49.1734,485.5222,10.0322,4.4925,328.8150,39.6655,450.3218,89.2690,2693.2778,239.5755,5.4241,94.0116,271.2529,90.1312,205.6156,11.6235,236.1471,54.1291,43.3935,82.0912,5390.9102
2025-02-12,48.4837,31.4382,252.7826,1578.2000,149.3427,163.1310,296.1124,709.6320,43.9580,20.8200,10.9377,68.3170,63.1200,62.6024,34.0578,237.5767,99.8518,32.3012,32.1071,265.3795,6.2615,12.6360,12.5542,36.4391,14.4839,3.9901,51.4509,255.1231,49.8786,486.9984,10.0279,4.5703,321.6867,40.2436,453.2650,89.3421,2701.1155,240.9444,5.5305,94.7917,272.0325,90.2641,202.8887,11.6345,230.9241,54.2670,43.1066,82.4430,5405.6499
2025-02-13,49.1793,32.3076,255.8949,1805.0000,151.3185,163.2270,302.7110,728.8940,46.2884,21.4551,10.9331,72.4569,62.8006,61.8611,34.0309,241.0648,100.7379,33.7338,31.6084,284.4176,6.3572,12.6053,12.6720,37.0292,14.5036,3.9527,51.5269,265.1931,52.5703,489.7665,10.1003,4.5895,329.6819,40.9613,465.8230,90.3646,2758.9197,240.3577,5.4864,95.5718,273.1532,91.8586,217.6234,12.1633,236.7758,53.9820,42.7039,87.7551,5500.5000
2025-02-14,49.0247,31.9524,251.7127,1840.0000,152.2102,161.8250,295.2876,723.2635,46.3521,21.2119,11.0200,74.3386,63.0824,61.7287,33.6100,237.0922,101.0643,33.4144,31.6366,283.1676,6.3259,12.6468,12.6296,36.9259,14.6954,3.9698,51.6029,269.8186,52.7337,479.4323,10.0875,4.5847,330.7415,42.8850,470.6304,90.1820,2781.4534,240.5533,5.5545,94.0660,269.8886,91.7637,220.5120,12.3230,238.4685,54.1475,43.3750,88.1244,5493.3999
2025-02-17,49.0054,32.0646,252.6853,1841.2000,152.1228,163.7263,300.0533,718.9172,46.3066,21.2318,11.1526,75.3422,63.8902,61.6229,33.6637,237.5767,101.8572,33.6334,32.0319,282.7830,6.2872,12.6810,12.5966,37.2898,14.6847,4.0344,52.3056,269.9149,52.8885,491.6119,10.3259,4.6039,330.4044,44.3502,478.6754,91.0402,2755.4585,246.5182,5.5718,94.3744,272.9583,92.5990,222.2745,12.3304,237.8881,54.1659,44.0692,88.3003,5519.8301
2025-02-18,49.1213,31.8028,248.2113,1846.0000,152.4376,166.1270,301.4280,707.4589,45.7513,21.4749,11.3858,75.5573,63.6648,62.7348,33.6100,240.6772,102.6967,33.7246,32.4365,283.2637,6.2716,12.6972,12.5872,37.1865,14.9768,4.1102,52.7804,264.3740,53.4991,496.0408,10.4195,4.6039,329.2484,44.8735,472.0039,89.4699,2752.5156,245.7360,5.7166,94.0479,271.2529,93.0166,221.4912,12.4460,242.5308,54.3406,44.8005,88.2124,5533.8398
2025-02-19,48.7928,31.6252,243.8345,1835.8000,150.7240,162.2091,293.2714,708.7430,43.7760,21.1375,11.0885,73.8368,63.7587,62.0376,32.9294,240.4834,101.2043,33.1863,32.3142,282.5907,6.2790,12.6612,12.6532,37.4274,14.7187,4.0723,50.9951,260.4231,52.6133,477.2179,10.3089,4.5324,321.6867,44.1608,470.2379,88.8673,2671.0977,246.4205,5.5670,93.5036,269.2552,89.2959,215.7630,12.2386,239.0972,53.9912,44.3469,85.7146,5461.1699
2025-02-20,48.9088,31.3261,240.0413,1804.8000,151.0562,158.5217,292.8131,701.2357,43.6485,21.5097,11.1297,73.9264,64.0593,62.5406,32.9921,239.6114,100.9244,33.3597,32.2295,281.2445,6.2514,12.6630,12.6626,38.0175,14.7331,4.0524,51.1281,260.4231,51.2804,475.1880,10.3727,4.5972,325.4916,44.9433,473.7699,88.5569,2679.9260,242.4112,5.5804,93.9572,267.9396,89.6376,216.6442,12.2404,246.2546,54.0923,44.2358,85.5915,5461.0298
2025-02-21,49.8750,31.4382,239.1660,1787.0000,155.9696,153.6435,293.4547,701.4333,44.5224,21.8818,11.2394,73.9981,64.3223,62.7613,33.1174,238.7394,101.2509,33.6151,32.4835,279.7061,6.2992,12.5783,12.6909,38.2209,14.8442,4.0808,49.7986,266.9276,50.5666,475.1880,10.5515,4.6125,333.3905,45.8254,472.9850,90.5654,2696.6023,238.7932,5.6427,94.4470,266.6240,89.6376,216.8401,12.3818,248.9628,53.4486,44.2312,86.9811,5474.8501
2025-02-24,50.3194,31.7280,238.4851,1769.4000,152.8048,157.8111,296.1124,704.7918,44.6044,22.1051,11.3446,74.7150,65.6185,62.7260,33.2249,237.1891,101.9505,34.1900,32.6153,276.3408,6.3848,12.6450,12.9689,37.7297,14.7868,4.0921,49.2098,263.9404,51.2976,482.3850,10.5472,4.5381,334.9799,41.7936,471.8077,90.5654,2642.6504,237.5219,5.7108,93.7757,267.3062,88.6125,213.5598,12.3652,231.7463,53.3934,44.3978,89.2238,5453.7598
2025-02-25,50.5513,32.4385,238.3879,1726.6000,153.4342,157.5806,298.7702,689.2834,44.3768,22.4673,11.5001,76.7760,65.2991,63.6349,33.6279,238.6425,102.0904,34.0623,32.9164,268.6487,6.4262,12.7369,13.0820,36.7373,14.8872,4.1666,49.3428,261.3386,52.2006,485.8912,10.7430,4.5400,334.9799,42.1025,468.3739,90.3828,2657.3643,239.5755,5.7971,94.4288,265.4546,88.8214,212.0910,12.3836,223.4765,52.8508,45.6567,92.3020,5447.8999
2025-02-26,54.8799,32.0926,240.7222,1726.4000,153.8189,160.8647,306.7436,705.7796,45.2461,22.8593,11.8293,77.8871,64.9610,64.1732,34.2458,244.1653,103.3496,34.0623,31.8437,271.5332,6.4326,12.8594,13.1622,36.6530,15.1901,4.3056,50.1594,266.0122,52.8283,509.3277,10.9005,4.5520,337.6771,43.1491,473.9661,92.3457,2673.0598,243.1935,5.9764,94.9731,268.1832,91.2702,218.7984,11.8824,230.6823,53.1175,47.0683,93.1815,5527.9902
2025-02-27,55.8074,31.7748,238.6797,1698.2000,152.5949,158.5793,305.4604,690.5675,44.3904,22.5715,11.7882,74.9300,64.2659,64.0761,33.7712,244.8435,103.1164,34.1535,32.3894,277.3023,6.4280,12.6792,13.0066,35.8392,15.3174,4.2903,49.0579,263.7477,51.5814,506.0060,10.7345,4.5132,337.2437,42.8202,436.4883,92.0262,2662.2693,242.9980,5.9438,95.1001,260.6796,90.0742,216.0078,11.2637,227.5872,53.1727,47.0775,91.7303,5472.5601
2025-02-28,55.6915,31.7561,239.4577,1741.2000,154.4134,159.1170,302.7110,670.3177,44.7955,22.5368,11.7287,75.1809,64.6792,64.2967,33.5294,243.3902,103.6294,34.3907,32.7000,275.8600,6.4942,12.4810,13.1480,35.2388,15.3640,4.2727,49.3808,261.2422,51.4008,504.3451,10.7728,4.4503,340.0371,41.8534,441.4919,94.2629,2684.8308,244.5625,5.9669,94.6647,258.5356,91.8017,216.5953,11.3463,226.2815,53.1359,46.8461,91.5544,5463.5400
2025-03-03,56.4258,31.7561,241.4030,1747.2000,157.0887,167.4522,311.8758,681.8749,45.5237,23.8169,11.8247,76.0949,64.6980,65.3204,34.1652,249.3005,104.1424,35.0203,33.7351,276.1485,6.4262,12.4774,12.9878,35.6507,15.8999,4.3377,48.5831,258.8331,52.2263,518.1855,10.9473,4.7062,345.8650,42.0427,442.2768,94.6281,2682.8689,252.1898,6.0388,97.6763,264.6263,90.9854,221.2464,11.3169,222.1224,53.4946,48.1050,93.6652,5540.6899
2025-03-04,56.5224,32.2702,231.1905,1694.0000,155.4975,162.0363,306.4686,652.4387,44.1219,23.3406,11.2029,71.6145,67.9479,63.2643,33.9951,247.0720,104.2357,33.9436,33.0670,274.4178,6.3075,11.9495,12.9407,33.8098,15.4679,4.2099,47.9943,246.2094,49.7152,511.7267,10.5600,4.4906,344.8535,42.1424,422.7530,93.8977,2630.8792,249.3540,5.6734,99.1458,252.3476,87.6824,208.8597,10.1676,211.6281,52.0600,46.0593,89.7955,5387.3101
2025-03-05,55.7494,31.5785,231.4823,1711.6000,158.1728,165.9158,313.7087,664.4897,48.8463,24.3032,11.7424,74.6971,66.4450,65.8852,34.3175,247.9440,109.5058,35.3762,31.9378,269.4179,6.1768,11.8414,12.6956,35.4224,16.0182,4.3643,48.0893,249.6303,51.2460,518.7392,10.9218,4.5477,351.0185,43.0594,415.0024,94.7194,2621.0698,254.9278,5.9074,98.6922,257.9510,95.4369,226.7298,10.6266,218.7371,51.4806,49.4749,92.8297,5489.1201
2025-03-06,55.7881,31.5130,234.5947,1662.6000,157.8056,166.1846,316.9164,661.8228,49.6565,24.6654,12.0076,77.9409,66.1633,68.1002,34.6130,247.9440,110.8583,40.3947,31.1003,261.0526,6.1189,11.9062,12.6108,36.5537,16.7996,4.3900,47.6334,249.6785,53.5765,517.6319,11.0920,4.6337,352.3671,45.0180,407.5461,95.0389,2538.6711,252.9721,6.0522,99.4360,254.6864,100.5149,237.9415,10.8469,216.4158,51.7933,50.5209,96.4795,5520.4702
2025-03-07,56.2905,31.8870,229.9261,1593.6000,157.6307,162.8237,314.5336,657.8715,48.8190,23.0726,12.0351,74.9300,67.4595,67.5707,34.7115,249.3005,109.1327,39.2815,32.0601,261.5334,6.2449,12.1945,12.8040,35.7499,16.9108,4.4185,47.8803,239.9458,52.2006,517.8165,11.2538,4.6135,346.3466,44.1309,404.5047,93.3956,2475.8909,245.2470,5.9678,99.4360,247.8649,100.5149,229.4226,10.6908,216.5609,51.9956,49.3916,95.1163,5468.4102
2025-03-10,56.2712,32.4572,220.5890,1543.4000,160.2186,156.6395,313.7087,631.2010,48.1818,23.3753,11.6693,76.7580,67.9479,65.6911,34.4966,255.0171,108.1999,38.8071,32.4647,262.7834,6.3848,12.2792,12.9548,34.0927,16.6043,4.3241,47.6714,245.7276,53.2841,521.3228,11.0878,4.6106,351.1148,42.9099,399.4030,94.9476,2447.4436,233.1216,5.7070,99.3090,236.0246,95.0098,223.6454,10.9681,211.9182,51.8668,47.7532,96.8753,5386.9800
2025-03-11,55.0924,31.6533,216.3095,1505.6000,155.2527,156.5243,309.5846,624.2865,46.2520,23.4597,11.4635,75.5573,67.0462,64.3850,34.0578,252.4010,106.8941,38.1318,31.4578,255.2835,6.4059,12.2035,12.9831,34.2366,16.3067,4.2330,46.1995,242.8367,52.2522,517.4474,11.0069,4.5612,343.1678,42.5810,394.6938,92.2088,2425.8630,233.3172,5.6216,97.4585,232.5651,93.1685,218.5536,10.3952,215.4486,51.6277,46.6517,95.8199,5309.8999
2025-03-12,55.4209,31.7093,215.2396,1542.4000,157.1061,157.5806,317.7412,637.6217,46.4340,22.8246,11.7744,75.5214,66.3323,65.0292,34.7652,255.2108,108.3399,37.9950,31.3543,259.6104,6.4105,12.2972,12.9689,34.7724,16.4483,4.3052,42.7333,240.6685,52.0286,528.8889,10.9473,4.5712,337.1473,42.2371,406.8593,91.4784,2455.2910,244.9537,5.7559,96.0979,236.3657,95.0098,222.1276,10.3383,220.3331,52.0783,48.0865,96.6994,5359.4199
2025-03-13,54.8992,31.7467,213.7807,1497.6000,156.7390,155.7753,319.2992,634.5596,46.8164,22.7253,11.6784,73.7651,66.3699,64.9056,34.7115,255.6953,108.2466,38.0680,31.8154,252.4951,6.4354,12.3026,13.1056,33.8495,16.4017,4.2600,42.3630,241.2467,51.3578,527.4125,10.9303,4.5986,341.8192,42.5461,400.7766,87.8448,2426.8440,239.6732,5.7597,96.3519,230.8598,93.5671,221.7849,10.1015,217.7216,52.5841,47.2441,94.7206,5328.3901
2025-03-14,55.4016,31.5317,216.8931,1507.6000,157.6132,162.4780,322.2319,647.6973,47.8541,23.1074,12.0534,73.5680,67.1025,66.8206,34.7742,261.6057,109.4125,38.9531,31.7119,251.3413,6.4758,12.3585,13.1292,34.4946,16.6150,4.3336,42.5909,215.4212,51.5728,534.2405,11.0920,4.6846,353.4267,43.3285,404.6028,87.7170,2461.1765,245.1492,5.9592,96.3519,236.4144,95.1996,226.9256,10.3493,220.5265,52.8692,48.7807,94.6766,5404.1802
2025-03-17,56.1359,31.9337,216.8931,1511.6000,157.8056,164.4369,324.4315,653.2288,47.7631,23.6085,12.1402,74.8583,67.4407,68.7532,35.1593,261.7994,110.2986,38.9531,31.8248,253.4566,6.5007,12.6342,13.2705,34.1423,16.6025,4.3602,42.8948,209.4948,51.4954,538.3004,11.0495,4.7047,350.1034,44.1957,407.6442,88.0822,2438.6150,247.2027,6.0676,97.5311,240.4099,94.9149,229.4226,10.4925,223.2831,52.9244,49.6415,95.2483,5445.5498
2025-03-18,56.0393,31.8589,217.1849,1525.6000,157.3509,164.9555,328.3723,657.7728,48.3912,24.5711,12.4237,75.8620,66.5202,70.7829,35.7414,262.3808,111.3713,39.0534,31.7966,253.3605,6.5099,12.7477,13.2234,35.0850,16.7925,4.4586,42.9613,209.3021,52.6993,538.1158,11.1729,4.7897,347.0209,44.7389,402.3463,89.4881,2399.3774,247.2027,6.3102,97.6400,240.4099,95.7691,232.0663,10.6358,227.1036,53.3106,50.9004,96.1717,5485.0098
2025-03-19,56.0586,31.7374,220.1027,1556.6000,157.4908,164.4946,325.8062,664.8848,47.4991,24.1990,12.2957,74.1773,67.1213,71.3565,35.6787,263.5435,111.6978,39.0990,31.5708,254.9951,6.6037,12.9152,13.2753,34.9114,16.8444,4.4668,44.0533,206.6521,51.5556,534.9786,11.0750,4.7330,348.5622,45.3320,408.2329,88.5934,2440.5769,252.2876,6.2920,97.9484,242.0178,97.3827,231.7726,10.6670,233.6324,54.0831,50.8634,94.3248,5507.3599
2025-03-20,56.0973,31.9711,216.8931,1556.6000,155.4276,160.7111,324.1565,664.2922,46.1701,23.8120,11.9619,71.5608,67.2152,69.7592,35.4996,258.0207,110.8583,38.3052,31.3732,255.8604,6.6690,13.0143,13.3318,33.9488,16.5254,4.3368,44.4902,202.7494,50.3000,531.1033,10.9558,4.7422,347.3581,42.5610,403.0331,88.4108,2460.1958,246.9094,6.1376,96.3337,243.7719,96.2911,229.5694,10.3475,229.2315,54.1383,49.4379,90.4111,5450.9302
2025-03-21,56.1746,31.9430,217.9630,1535.6000,155.2003,160.0197,322.0486,652.6362,45.9698,23.8963,11.9573,70.9335,67.5158,70.3505,35.3832,258.8927,110.2986,37.3654,31.7684,257.1104,6.7215,12.9513,13.5863,32.9961,16.4465,4.3580,44.3762,199.2803,50.1882,535.3477,10.9696,4.7378,339.7963,43.2986,395.9692,86.9136,2465.1003,244.8559,6.1759,96.0072,245.5260,94.8769,224.0860,10.1896,224.1536,53.7061,49.3453,89.2238,5423.8301
2025-03-24,55.1117,31.7654,216.0177,1507.0000,155.0429,160.5766,322.4152,666.3666,45.5329,22.2391,12.0122,71.1844,66.4075,70.0946,35.4459,254.9202,110.4386,37.3654,31.3355,260.0911,6.6313,12.8926,13.4213,34.0877,16.4017,4.3634,44.6326,195.0403,50.4376,530.1805,10.9650,4.7503,336.3767,43.3983,395.1843,85.9824,2450.3865,245.4426,6.2354,94.2293,248.8394,94.6301,220.6589,10.3879,224.3954,53.3014,49.5397,89.1798,5415.7900
2025-03-25,55.2663,31.9804,218.0602,1504.4000,156.2494,165.4740,326.4477,666.4654,45.7513,23.3902,12.2911,72.5106,66.7456,71.9919,35.9474,258.2145,111.2780,37.8125,31.4296,266.5333,6.6709,13.0375,13.5910,34.3606,16.8480,4.4595,44.0913,193.7876,50.9536,540.1458,11.1854,4.7623,335.4134,43.2538,391.7505,85.0877,2464.1194,248.2784,6.3476,94.0841,252.1527,95.0098,224.1350,10.4650,226.3298,54.5797,51.1688,90.0593,5475.0801
2025-03-26,55.1697,32.0365,215.4342,1472.8000,154.5183,163.7647,325.5312,649.1790,45.2416,22.6112,12.1860,71.0411,66.2572,70.9506,35.8757,256.4704,110.8117,37.0004,31.5708,262.6872,6.7040,13.1897,13.6381,33.1747,16.7727,4.4252,44.4522,194.7512,49.9044,540.5148,11.1854,4.7321,330.1635,43.5927,377.2303,84.0286,2424.8821,245.2470,6.2354,92.0341,243.7232,94.5352,219.8266,10.4595,220.9134,56.3040,50.9282,88.6521,5411.6899
2025-03-27,55.3243,31.9337,215.9205,1450.0000,154.2560,161.9978,327.4558,634.6583,43.6713,22.4971,12.0259,69.2310,66.5202,70.3064,35.9115,260.0554,111.1848,36.4894,31.4390,258.9373,6.7813,13.2813,13.8737,32.1923,16.6831,4.4388,44.2243,194.8957,48.5629,542.5447,11.0890,4.6461,329.4411,43.9665,384.0980,83.5357,2426.8440,242.9002,6.1874,92.3969,242.8949,93.4532,216.9380,10.0170,217.9150,56.3972,50.4931,87.3329,5381.0801
2025-03-28,55.7688,32.3357,215.8232,1449.0000,154.1511,159.6548,325.6229,617.9645,43.1843,22.3978,11.6373,68.0482,66.5202,69.3180,35.8130,263.1559,110.7184,36.3434,32.1166,256.3412,6.9322,13.1108,14.1565,30.8923,16.3999,4.3530,43.9014,191.9952,47.9437,542.1756,11.0109,4.6879,332.4272,42.8052,394.0070,85.9276,2389.5679,240.2599,6.0589,93.7939,240.4586,91.6498,211.5035,9.6223,210.0322,55.1855,49.2435,85.2749,5331.3999
2025-03-31,54.9958,32.3076,210.7656,1406.0000,153.1195,156.3130,322.6902,598.6038,41.7779,21.9016,11.4726,66.0230,66.5390,67.8708,35.2847,263.6404,108.4798,36.0241,32.2012,255.1874,6.8972,13.1090,14.0811,30.1629,16.1221,4.2736,43.5405,183.9777,46.6021,537.3776,10.8089,4.6476,330.2599,42.4365,384.7848,83.3165,2365.0447,236.6419,5.9419,92.4514,238.1685,87.0369,207.4888,9.4203,203.8419,55.6050,47.6977,82.2847,5248.3901
2025-04-01,55.3050,32.3637,217.1849,1415.2000,154.8505,161.3833,327.1809,612.1367,42.4606,22.1448,11.6647,66.3994,66.3511,69.2651,35.8220,267.2253,109.5991,36.3160,32.5212,257.1104,6.9156,13.2062,14.2319,30.7236,16.2691,4.3250,43.8634,184.4788,46.6365,544.5747,10.8548,4.8007,340.1335,43.0744,394.1052,84.1199,2378.7776,239.6732,6.0637,92.5421,243.7719,87.6064,210.2795,9.4405,208.8231,55.4465,48.7529,83.1641,5320.2998
2025-04-02,55.3630,32.3263,214.9478,1420.8000,155.7248,156.2746,327.4558,608.7781,41.9964,21.2616,11.6418,66.0768,66.1445,68.6120,36.1802,268.0974,110.2986,35.7868,32.0036,257.3027,6.9708,13.1218,14.3214,30.3663,16.2978,4.3228,44.0628,185.0184,46.4129,543.8365,10.8318,4.7628,343.1678,42.4365,396.6559,85.4346,2377.7966,238.9887,6.0915,91.0726,242.7487,88.1569,210.2795,9.3561,207.9526,55.3719,48.2623,82.8123,5303.9502
2025-04-03,55.4596,32.8592,189.7571,1306.2000,152.3851,151.7422,324.2481,571.6371,39.4840,21.1028,11.4635,63.7291,68.5490,65.0380,35.5802,271.6823,109.8323,34.0075,31.9660,238.7454,7.1612,12.5350,14.7786,27.9499,15.4536,4.0217,43.1322,171.1228,44.5124,544.2056,10.4875,4.3854,338.0143,41.2404,384.7848,82.2027,2294.4172,228.0367,5.7751,90.4558,232.8575,84.1326,193.3690,8.6024,196.3460,52.7529,44.9023,79.1537,5113.2798
2025-04-04,54.0103,32.2235,190.7784,1259.6000,151.4234,141.0639,304.6356,557.2153,37.7817,19.9417,10.3889,60.9333,67.9291,60.5992,33.6458,252.1104,104.7487,31.9180,30.6768,234.0339,6.8264,11.9666,14.2508,25.9702,14.2868,3.7279,42.3915,164.6471,42.1947,515.7866,9.7206,4.2827,336.8583,38.6139,380.0755,80.8515,2229.6750,213.4666,5.2687,87.0814,225.3051,77.6214,181.7559,8.0562,183.2885,49.4629,40.6027,76.9550,4878.3101
2025-04-07,52.0006,30.6717,181.2467,1233.8000,140.4076,131.3652,289.6055,543.2873,37.0398,19.6807,9.8860,60.1089,65.1300,58.3312,31.5144,239.8052,99.8051,30.7226,29.4817,223.9380,6.3093,11.0424,13.5156,24.9183,13.7168,3.5207,40.3403,158.1522,42.1775,479.6169,9.3855,4.1281,323.5169,36.6753,355.0576,79.4091,2094.3054,196.8430,5.0280,82.9178,215.7550,74.8119,172.9237,7.6092,180.4449,46.8718,39.4781,75.1784,4656.4102
2025-04-08,53.0441,31.3167,184.6509,1308.2000,145.1462,134.6685,297.9454,566.7968,37.2219,20.2493,10.2852,58.8544,67.0462,58.4107,32.6249,251.6259,102.2303,31.0967,30.1122,232.4955,6.4059,10.9012,13.6004,25.1068,14.0340,3.6065,41.7837,159.8868,41.5497,502.4997,9.5783,4.1992,330.9823,37.4876,368.4986,81.6184,2197.3040,206.7194,5.2783,84.5233,218.0938,76.4634,178.9359,7.5449,186.0354,47.0210,40.3528,75.5654,4773.6499
2025-04-09,51.2856,30.8306,181.0522,1281.0000,140.5125,128.1771,288.8723,547.5348,36.1568,19.3195,10.1711,56.9189,65.4870,56.2839,31.6845,243.3902,100.5513,29.7645,29.7358,224.8995,6.2477,10.2998,13.3130,24.1591,13.5322,3.5270,41.7172,151.2140,40.0921,487.5521,9.2890,3.9889,323.2761,35.5290,355.1557,80.8698,2179.6472,196.0607,5.1450,78.6998,208.9334,72.6668,173.4720,7.1327,181.2767,44.9751,40.2788,73.7361,4622.1401
2025-04-10,52.3678,31.3261,191.3620,1353.2000,146.0029,133.9195,301.5197,570.5504,37.2219,19.7403,10.8175,58.3347,66.0505,59.3284,33.3144,253.1761,104.3290,31.2610,30.7044,232.6878,6.4133,10.5968,13.6758,25.5831,13.9749,3.7306,43.0087,156.3598,40.9306,513.2031,9.6931,4.1655,334.3056,36.3015,370.1664,83.3713,2244.3889,207.3061,5.4298,80.7770,224.1357,77.7733,183.0484,7.3172,190.2718,46.1495,43.6481,74.9498,4818.9199
2025-04-11,52.6190,31.3833,190.4866,1330.6000,147.1745,129.5022,300.6032,570.2541,37.0853,20.0062,10.7225,59.4637,66.8771,57.8988,33.2518,257.1487,105.6349,31.1789,29.7164,231.9186,6.4344,10.5418,13.8643,25.5583,14.1631,3.7238,43.1037,161.9104,41.4465,515.0484,9.7574,4.1377,334.8354,35.7981,363.2007,82.7870,2243.4082,200.1677,5.3589,81.2941,219.0683,78.1719,176.9188,7.0382,190.5426,45.3573,42.8752,75.0729,4787.2300
2025-04-14,53.5272,32.2895,196.7600,1419.8000,149.1503,133.7274,309.4930,582.7991,38.2414,20.7306,11.0789,61.5247,67.6098,60.4492,34.1204,259.6678,107.9668,32.6662,30.4719,237.5916,6.5136,10.7985,14.1376,26.4167,14.4893,3.8218,43.7779,164.7821,42.3624,535.5322,10.0329,4.2558,337.9179,37.2982,373.0116,85.3616,2305.2073,206.1327,5.5602,83.3441,222.9663,80.9054,181.8343,7.1731,195.8624,46.8066,44.5691,76.8318,4911.3901
2025-04-15,54.1649,32.7188,192.7722,1447.4000,152.3501,135.3407,314.3503,598.0112,38.1868,20.6661,11.3213,62.8509,68.5303,62.2847,34.8190,262.6715,110.2054,32.6662,30.6560,241.5338,6.6368,10.9654,14.3120,26.8534,14.7528,3.9323,44.5946,156.1864,43.1192,544.3901,10.2349,4.3413,331.1750,37.9760,377.9171,83.3713,2310.1121,210.7286,5.7597,83.1083,226.7181,85.5942,181.4426,7.6367,201.8591,47.1701,45.9575,78.5380,4970.4302
2025-04-16,55.5948,32.7760,193.1127,1441.0000,152.7173,134.9182,318.2911,566.9943,38.2323,20.7952,11.3593,63.1735,69.2065,63.1672,35.0697,260.9274,111.9310,33.0677,31.0531,240.1877,6.7095,11.1616,14.4864,26.5954,14.7994,3.9689,44.3192,158.8268,43.3342,547.7118,10.4324,4.3672,329.0558,37.5923,377.0341,84.7773,2317.9597,209.7508,5.7779,81.9925,226.4258,84.3793,182.2651,7.5541,199.1026,48.1673,46.8554,78.1335,4966.5000
2025-04-17,55.8267,32.9572,193.2099,1400.4000,151.4059,131.0387,319.1159,557.3140,38.1868,20.8696,11.2785,62.9584,69.2629,62.4259,35.3832,262.9621,111.6511,32.6479,30.7528,237.7839,6.7822,11.2515,14.5759,26.4167,14.7671,3.9346,44.5186,158.4991,43.1966,553.6171,10.3956,4.3422,329.2966,37.5823,378.7020,84.2112,2243.4082,207.5017,5.6983,82.2828,220.2377,82.1773,183.1268,7.6110,198.5706,48.1394,46.1797,78.7491,4935.3398
2025-04-22,56.4451,33.9684,198.6079,1415.0000,152.8922,130.6459,325.0730,554.2518,39.2700,21.3211,11.3261,64.3205,69.2629,63.2025,35.8578,268.7756,113.4799,32.8122,31.1015,243.4568,6.8972,11.3670,14.7361,26.4614,14.9553,3.9892,45.1264,163.7413,44.2200,559.5223,10.5609,4.4238,350.0552,38.1305,383.6318,86.4571,2262.0459,209.6530,5.8048,82.6910,212.9289,81.5509,185.3789,7.7120,193.0574,48.3444,46.3050,81.2645,4961.4502
2025-04-23,56.3292,34.1305,204.5409,1470.0000,152.7348,136.3211,327.2725,573.8102,40.2258,21.9364,11.7443,65.9872,69.8077,65.1439,36.1175,271.4886,115.0199,33.6790,31.8473,247.3990,6.8576,11.3963,14.4770,27.4091,15.6095,4.1007,45.9716,168.5788,45.5873,563.3976,10.7125,4.5074,360.7476,39.7951,386.3015,88.1370,2313.0547,214.5423,6.0608,84.5778,235.5374,85.4424,192.4094,7.9380,202.1009,48.4563,47.6070,83.5863,5098.7402
2025-04-24,56.2712,34.2450,209.6958,1468.4000,156.1270,134.7697,326.7226,584.4783,40.5444,22.3085,11.6445,67.0266,70.6155,63.7408,36.0280,272.1668,115.8862,33.8250,31.7214,242.3030,6.9000,11.6365,14.4534,29.3492,15.5479,4.1142,45.7342,166.9406,46.2753,556.3851,10.7262,4.0810,366.8163,39.8499,396.3866,88.3195,2339.5403,216.0090,5.9975,84.6775,235.0014,85.7081,196.4730,8.1280,206.0182,48.6054,47.2255,84.8703,5114.9800
2025-04-25,55.3823,34.0542,211.0574,1466.4000,156.0046,138.0491,329.1055,583.5271,40.8904,22.8146,11.8394,68.3887,70.2398,64.2526,36.3325,274.0077,116.3193,34.0258,30.2007,243.5530,6.9276,11.6970,14.5665,29.8999,15.7665,4.2113,46.2470,168.1548,46.9461,556.0160,10.8364,4.2078,360.4586,40.6523,397.2765,87.4431,2335.6165,225.0054,6.1529,83.7795,238.4609,89.6946,202.4950,8.1990,210.7092,49.1739,48.5227,85.9785,5154.1201
2025-04-28,55.3630,34.0542,211.4464,1440.8000,155.7947,141.7017,331.0301,579.1672,41.4001,22.9143,11.9725,68.4066,70.2585,65.3910,36.6638,269.0663,116.4637,33.9163,29.8908,240.4761,6.9460,11.6604,14.6984,29.6568,15.8505,4.2361,46.1045,172.0093,47.2729,547.7118,10.9604,4.1819,365.2750,40.5277,395.2990,86.8588,2349.3499,226.1788,6.2670,84.4508,242.4564,91.0803,200.7815,8.2210,209.9838,49.3231,49.3526,86.5590,5170.4902
2025-04-29,54.8605,34.1114,204.6381,1448.4000,156.3368,141.3678,331.4883,579.6627,41.1817,23.1038,11.7301,68.5679,70.4652,66.0087,37.0041,264.8030,117.4262,33.9163,29.9295,240.7646,7.0287,11.6310,14.8445,29.0862,16.1177,4.2925,45.3218,171.8937,46.3871,548.2654,11.0614,4.1915,373.7519,40.4778,399.4517,86.3293,2340.5210,225.2987,6.2748,85.4758,248.1085,91.1942,198.0397,8.3010,196.5878,48.7918,50.0298,86.0313,5161.8999
2025-04-30,55.6528,34.4739,196.1764,1417.8000,157.8580,144.4705,333.6878,577.1855,40.6264,22.9642,11.4639,66.5786,71.3481,65.5587,37.2280,274.6859,118.0037,34.2265,30.6075,242.9761,7.0324,11.6439,14.9812,28.6694,15.8954,4.2266,45.6503,171.8551,45.1230,555.0933,11.1808,4.2145,372.7886,40.7918,397.0787,86.9319,2345.4260,227.8411,6.0300,86.9906,248.7906,90.6437,197.7460,8.1400,197.5066,47.6827,48.6181,83.9381,5160.2202
2025-05-02,56.4644,34.4644,201.0395,1468.0000,161.9496,152.1486,339.0950,603.3446,40.4079,23.8118,11.6160,67.0445,72.2686,67.3854,37.9086,280.4025,120.8431,34.8378,30.7238,247.5914,7.0619,11.6035,14.8822,29.7957,17.0688,4.2921,46.2978,178.0032,45.8367,552.8027,11.3737,4.2639,378.8572,43.0744,405.4830,88.1735,2405.2632,237.9131,6.1812,88.8230,259.5101,93.8329,205.4326,8.3800,208.7264,47.4031,50.1920,84.8879,5285.1899
2025-05-05,56.3678,34.5884,201.7203,1479.0000,160.7956,155.4084,343.7690,601.2638,40.7339,24.1309,11.8251,67.2238,72.5295,67.3854,38.8049,283.8906,120.6025,35.4228,31.0047,247.0145,7.1023,11.5283,15.0189,29.9049,16.9567,4.3341,46.1625,173.4920,46.3785,567.8826,11.4058,4.2833,382.3388,42.9049,405.6808,88.0457,2442.3892,238.0109,6.2270,87.0814,260.5334,93.0735,206.8524,8.3780,205.5829,47.0769,49.5624,85.0111,5283.0498
2025-05-06,56.8790,34.9127,199.1915,1484.4000,160.4109,153.7981,346.0602,596.0121,40.6380,23.9813,11.8964,67.0804,72.2203,67.0677,38.6162,282.6310,121.1319,35.5379,31.0047,241.0530,7.0803,11.6585,15.0519,29.1705,16.7138,4.3002,45.7760,173.3541,46.5419,569.4097,11.2772,4.2969,373.7574,43.6176,412.3053,88.9769,2415.6584,238.4020,6.1929,86.8999,257.6099,93.2064,204.6003,8.3200,205.4862,47.5895,49.9821,84.4482,5263.3799
2025-05-07,56.6037,35.7712,201.2340,1527.2000,159.5716,151.7755,340.6530,599.1830,40.5038,23.3730,11.9297,68.1915,72.4715,67.0853,38.3520,282.0497,120.8912,35.2598,30.9659,238.0734,7.1235,11.5980,15.0896,30.0190,16.6017,4.2144,44.4617,168.6460,46.4301,567.6918,11.3507,4.2920,367.1865,42.0228,414.1839,88.4839,2388.9277,237.3264,6.1948,83.1536,254.8325,91.8966,204.7961,8.2980,204.4706,47.3006,49.1713,84.0964,5230.1899
2025-05-08,58.4125,34.8173,203.1792,1562.4000,159.7464,155.5066,341.2946,624.7476,41.0983,23.3531,12.1721,70.1091,71.6985,67.9502,38.7955,278.0771,120.8912,35.9214,30.9465,238.4642,6.9763,11.6860,14.5995,30.7534,16.8091,4.3444,44.6840,172.8222,47.5327,564.4467,11.4150,4.3143,368.1182,43.2289,425.0601,88.4839,2420.6086,244.6603,6.3997,83.2353,256.0994,93.2823,208.7618,8.7110,208.3879,47.5802,50.8024,87.1570,5288.9399
2025-05-09,58.8254,35.1703,203.2765,1583.6000,160.7781,155.5655,346.4570,621.0813,41.4723,23.9763,12.1816,71.3995,71.8531,68.3914,39.3144,280.1118,121.2281,35.7392,31.3340,236.7058,7.1207,11.9189,14.5995,31.2148,17.0072,4.3824,44.9159,175.2453,47.7196,568.0735,11.3828,4.3386,375.8170,43.3236,428.2241,88.2648,2428.5286,242.7046,6.4894,84.2875,254.9787,93.9088,209.5941,8.7570,207.7592,48.3631,51.2889,87.7902,5309.7402
2025-05-12,58.6288,34.5693,210.9601,1657.6000,158.4875,155.7029,336.2278,660.8155,42.7956,23.9913,12.4002,73.0483,69.5340,69.7592,38.3898,271.7792,119.0144,37.4365,30.7335,243.3488,7.0720,12.1646,14.3403,33.7701,17.4537,4.4094,45.9499,185.5086,49.3921,554.3298,11.5436,4.5091,386.9483,45.5662,433.4644,90.0176,2513.6709,244.7581,6.5987,86.3142,255.8070,95.9589,217.1338,9.3570,213.8043,49.4629,53.4351,88.9600,5392.3599
2025-05-13,57.8227,34.4549,217.4767,1687.6000,159.2219,158.1772,335.4629,677.4623,43.4284,24.6693,12.5761,75.2526,68.9156,69.7857,38.1917,271.1010,118.4850,37.7242,30.6947,248.8195,7.1115,12.3535,14.3214,34.3953,17.4051,4.4108,46.8003,188.0301,50.4013,529.1331,11.4839,4.4897,377.7294,45.4516,435.6396,88.5204,2570.1021,246.0293,6.6162,84.9599,255.6609,96.9081,220.4630,9.7680,216.6104,49.7798,52.6434,92.3020,5416.2100
2025-05-14,58.2159,34.5598,217.6712,1649.4000,159.8164,156.6062,336.4189,680.3357,42.6997,22.1067,12.7424,73.7472,69.4760,70.5270,38.3615,272.8450,119.3512,37.7242,30.6850,244.1303,7.1244,12.3278,14.3686,34.2812,17.6387,4.4726,46.1528,182.2188,50.1677,534.8596,11.5481,4.4316,365.4212,46.7025,436.9250,88.1735,2550.3018,246.4205,6.7274,84.1360,253.6943,97.4776,219.3859,9.6920,216.7581,49.5002,53.6545,90.7189,5403.4399
2025-05-15,59.2186,34.9890,213.0026,1621.8000,162.0545,156.3313,332.8817,675.9760,42.5750,22.7997,12.6854,73.3501,71.0221,70.2446,38.4558,275.3022,121.4688,37.4078,31.5471,247.3541,7.2394,12.2160,14.6702,33.5667,17.6144,4.4911,46.5780,173.0980,49.7379,543.2585,11.6859,4.4704,369.6383,46.0696,437.7160,86.6945,2541.3916,248.9629,6.7011,85.1114,258.8075,96.6708,217.2317,9.5720,217.2504,49.2671,53.4732,91.2906,5412.0801
2025-05-16,59.2973,35.3611,215.0639,1637.0000,163.1736,157.3328,335.7497,662.3018,41.6161,22.8047,12.7377,72.7261,71.7951,70.0593,38.9181,279.4302,122.4794,37.0626,31.9636,254.6810,7.3195,12.2783,14.8634,33.1400,17.7078,4.4925,47.3801,175.8362,49.0558,541.3497,11.7915,4.4733,366.6471,45.9799,441.3743,86.5667,2558.2219,250.4297,6.7430,86.9298,261.8066,96.1488,215.3713,9.5720,215.7735,49.6120,53.8739,90.4551,5427.5298
2025-05-19,59.7102,35.6091,214.2787,1655.6000,164.7222,158.9627,336.1321,656.3566,41.8271,22.8495,12.7995,73.3312,72.0657,72.4541,39.3144,280.0200,122.7681,37.3982,32.4188,254.4856,7.3728,12.2185,14.9105,33.2343,17.7938,4.5444,46.8679,172.9798,49.2707,550.8939,11.8604,4.4849,371.2566,45.9300,436.4306,85.9824,2533.4712,253.3633,6.7723,87.3749,261.0199,96.1962,217.1828,9.4480,215.2812,49.2858,54.5606,91.4019,5427.2300
2025-05-20,59.8085,36.1242,216.6345,1620.0000,165.4520,158.9038,332.4993,653.9785,41.5778,23.3631,13.0894,74.9763,72.7421,72.9142,39.2578,281.1011,123.9713,37.4365,32.6416,255.3648,7.4437,12.2652,15.2215,33.6312,17.8910,4.6023,46.8196,179.8549,49.7566,556.4296,11.9384,4.5343,373.7084,45.5014,438.3092,86.7310,2524.5610,255.4168,6.8708,88.5682,260.6758,96.2437,217.6234,9.5740,218.1365,49.4070,55.1616,92.0206,5454.6499
2025-05-21,59.7102,36.0669,216.2419,1623.0000,165.1850,159.1591,336.0365,658.6356,41.1750,23.6472,13.0181,74.7116,73.1286,73.1960,39.3333,283.8532,124.5007,37.4557,33.2324,254.3879,7.4345,12.1643,15.2262,34.3904,17.8293,4.6285,46.9356,175.2847,49.7379,557.1931,11.8328,4.5770,378.0236,46.1344,438.4081,86.9319,2471.0996,253.8522,6.8630,88.7860,261.3641,95.1047,216.3994,9.5350,216.2658,48.7639,55.1806,91.5706,5454.4600
2025-05-22,59.7691,36.1719,214.2787,1608.4000,164.9358,158.3343,335.4629,650.8076,40.6764,24.2904,13.0038,73.8985,73.2832,72.7828,39.2200,282.5754,124.5488,37.0913,33.2131,256.5371,7.4740,11.9775,15.2451,34.4400,17.7564,4.6033,46.6070,172.8813,49.1866,555.6660,11.7456,4.6070,372.4334,45.8802,431.3880,85.8911,2412.6885,254.8301,6.9001,88.4640,261.0691,93.6051,212.5806,9.1650,217.6935,47.9996,54.6274,90.3707,5424.4800
2025-05-23,59.6708,35.9048,210.0579,1586.2000,163.6898,154.4462,331.7345,636.7372,39.7079,24.4051,12.6093,71.1566,73.0900,71.2238,38.6540,282.3788,123.6825,36.4584,32.6513,244.2280,7.4326,11.9177,15.2875,33.1350,17.3547,4.4425,45.4861,170.6947,47.2243,542.4950,11.6308,4.5556,365.7645,44.9881,415.9637,83.2253,2349.3267,249.1585,6.7986,87.2612,256.2017,92.6369,207.8805,8.7420,213.8043,47.5056,53.0059,87.6521,5326.3101
2025-05-26,60.4376,35.9620,214.6713,1605.8000,165.1138,157.3132,336.8013,648.0332,40.6189,24.6095,12.7709,72.6126,73.3992,72.5198,38.9653,283.8532,124.5007,37.1009,33.0581,249.3079,7.4795,12.0803,15.3111,33.7900,17.5920,4.5187,45.3025,172.6055,48.2055,546.1218,11.7318,4.6041,366.8433,45.2572,419.6220,85.0877,2365.1672,254.2433,6.8845,87.8768,257.9225,95.0573,214.0983,9.1800,217.6935,48.2606,53.5877,89.8270,5395.3301
2025-05-27,60.9095,36.0097,216.4382,1621.0000,164.9892,159.2573,336.8969,660.0227,41.1079,24.8588,12.8755,72.2723,73.0900,72.7076,38.9842,283.8532,123.7307,37.4749,33.1259,247.3541,7.4243,12.1438,15.2592,34.4301,17.5827,4.5294,45.2735,172.8222,48.2148,545.1674,11.6859,4.6244,366.2058,45.5513,420.0175,84.6860,2360.2170,256.3200,6.9303,87.8863,261.2166,95.1047,216.3994,9.2200,219.5150,48.0369,53.8929,89.4707,5415.4502
2025-05-28,60.9488,35.5995,214.4750,1619.8000,162.5328,159.3947,332.8817,654.7711,40.7723,24.5995,12.5856,75.3923,72.8580,71.9188,38.7483,281.1011,123.3938,37.2160,32.3219,241.8834,7.3921,12.1120,15.1131,34.1770,17.3547,4.5276,45.0512,170.8720,49.5230,539.0590,11.6446,4.6021,359.3897,45.5014,417.6445,83.6635,2357.2471,256.6167,6.8610,87.7158,258.9058,95.0573,212.9723,9.0140,218.6288,48.1301,54.3317,90.5019,5378.3901
2025-05-29,60.8112,35.1894,216.0455,1680.0000,161.9632,159.6107,332.4037,659.4283,40.8682,24.6544,12.5951,74.2010,72.6841,72.1535,39.1163,278.8405,123.1050,37.4174,32.0314,241.9811,7.3839,12.0803,15.0613,34.4301,17.3827,4.5350,45.7373,170.8720,49.3174,538.2955,11.6446,4.6021,359.0464,45.5662,416.3592,83.3713,2359.2271,256.7155,6.8571,87.1002,258.0700,94.9149,208.1743,9.0660,218.9734,47.9157,53.8548,89.8270,5378.3901
2025-05-30,60.9881,35.4660,215.4566,1689.6000,162.3370,159.1395,333.3597,647.9341,40.6572,24.6643,12.5571,73.8418,72.7034,72.4447,39.1634,278.6440,121.1319,37.7530,32.2348,239.0504,7.4381,12.1195,15.1603,34.0133,17.4519,4.5902,46.1142,169.7688,49.1399,545.3583,11.7226,4.4345,365.2250,45.0529,416.6558,83.0974,2403.7781,258.4955,6.8581,82.8859,261.4624,93.8139,207.3909,8.9650,217.9396,48.1487,53.9502,89.3958,5366.5898
2025-06-02,60.8898,35.4088,214.0824,1655.2000,162.8532,159.6304,335.1761,640.3043,40.3408,25.0682,12.5666,72.0453,72.5875,72.0408,39.5219,280.6097,123.0088,37.6187,32.0217,239.4411,7.4299,12.3045,15.1603,33.5717,17.4463,4.5818,45.8436,168.8430,47.8224,553.1845,11.7686,4.4723,363.9011,45.0031,412.1076,81.9471,2371.1074,258.8911,6.8679,81.3611,259.8891,92.8837,209.2024,8.5200,216.3150,49.0994,54.0646,87.6521,5355.5601
2025-06-03,61.1651,34.9223,212.3155,1671.2000,161.9810,163.4203,335.3673,647.1414,40.2545,24.8887,12.5143,73.3879,72.1623,72.5198,39.7484,276.3834,122.7200,37.9544,32.3123,239.0504,7.4216,12.4278,15.0094,34.0976,17.3211,4.5729,45.6117,168.8233,48.3923,545.9309,11.6767,4.5072,367.4807,44.7389,414.2828,82.0384,2358.2371,262.0555,6.8279,82.1756,265.0515,93.9278,209.5941,8.7400,218.2842,49.4256,54.5988,88.2146,5375.7002
2025-06-04,61.7156,34.9127,210.1561,1682.8000,164.0280,167.0925,337.3749,646.4478,40.3600,25.2477,12.4715,73.0286,71.8724,71.9751,39.9559,277.3662,122.4794,38.7023,32.6222,238.2688,7.4308,12.3120,15.0141,35.5316,17.3117,4.5514,45.8243,173.3541,48.1587,550.8939,11.7135,4.5963,377.4352,46.8122,416.0625,84.7955,2358.2371,262.5500,6.7791,82.5070,266.7723,95.3895,213.5108,8.6780,221.5826,48.7172,53.9406,87.5583,5405.1499
2025-06-05,61.3027,34.5598,207.8003,1705.2000,164.0458,162.4974,338.3309,652.9876,40.2737,26.3545,12.5476,72.7828,71.7758,72.7828,40.0975,277.5628,122.1425,38.7023,32.9128,239.8319,7.3719,12.3400,15.0565,35.4522,17.2968,4.6257,45.9306,172.6055,48.1774,549.7486,11.6813,4.5750,374.8853,47.2458,417.2491,80.5046,2316.6560,261.5611,6.8757,82.8574,266.4281,95.6742,214.6859,8.5850,222.6164,48.3444,55.1425,87.4083,5410.5498
2025-06-06,61.1257,34.5598,207.5058,1724.8000,163.2804,162.3403,339.6693,661.5090,40.1298,26.3595,12.5856,72.4992,71.6019,73.3838,40.2956,280.5114,121.8538,39.1051,32.7675,242.5672,7.3875,12.4727,15.0943,35.6259,17.3771,4.6930,46.5104,170.7932,47.9812,551.2756,11.6583,4.6118,374.0026,47.0614,419.9187,80.3403,2296.8555,262.7478,6.9040,83.7287,267.8048,96.1013,214.2452,8.6730,224.1425,48.7452,55.5145,85.9084,5430.1699
2025-06-09,61.0668,34.3785,209.5671,1707.2000,162.6752,162.4974,335.1761,673.8950,40.5613,26.4093,12.5951,72.8206,71.3893,73.7125,39.9937,276.8748,121.1319,39.1051,32.4866,243.5442,7.3047,12.4727,15.0848,36.1369,17.4089,4.6846,47.0322,175.0680,48.1961,548.9850,11.6813,4.5954,371.5998,47.7092,414.9749,82.8783,2301.8057,262.7478,6.9088,82.8385,263.1340,96.2468,214.7348,8.7180,221.8288,48.7732,55.6003,85.8334,5430.1699
2025-06-10,60.8112,34.5789,208.9781,1744.8000,163.6008,160.9461,332.3081,678.2549,41.7024,26.6686,12.5333,73.5959,71.0994,71.6464,39.8144,273.1399,120.5544,39.4119,31.8086,245.5957,7.3204,12.7735,15.2262,36.7026,17.2650,4.5626,47.5541,179.1851,48.7007,536.9593,11.5803,4.5392,374.9343,47.2956,422.6871,83.1887,2323.5862,257.4077,6.7694,82.9521,261.2657,96.3439,214.4900,9.1510,224.4379,49.9475,54.1600,86.8271,5415.3799
2025-06-11,60.6539,34.3499,205.9353,1721.8000,163.9212,160.6515,330.7785,683.9030,41.2709,27.6757,12.5998,72.9341,70.6356,71.5807,39.7201,269.9947,120.9875,39.2969,31.2662,244.2280,7.3342,12.7529,15.2262,36.1568,17.1174,4.5710,45.4764,177.5895,48.6166,535.6231,11.5390,4.4752,371.0114,47.2258,419.8198,82.1480,2336.4563,257.0122,6.7908,82.1188,258.7583,96.4021,215.1265,9.0280,219.8103,49.9102,54.3889,85.9272,5393.1499
2025-06-12,60.7325,34.2068,201.9108,1700.0000,163.9390,159.8464,328.0061,670.4269,40.9353,27.7405,12.5618,72.5748,70.7515,71.8248,39.5125,267.3409,121.4206,39.6613,30.0942,241.0042,7.3829,12.9473,15.3488,35.2934,17.0707,4.5434,44.6840,172.0343,48.2709,533.1415,11.5987,4.4326,368.5105,47.2158,408.3504,82.5497,2311.7061,255.2322,6.8269,83.0374,256.7917,95.5871,212.8254,8.7810,217.5950,51.0194,54.3508,85.1959,5360.8198
2025-06-13,60.9095,34.1973,196.3158,1656.2000,162.6930,158.6485,326.5721,658.5364,40.3887,27.4015,12.3147,71.1944,70.1718,70.6979,39.2672,263.3112,119.9769,39.0955,29.7649,236.4127,7.3434,13.0818,15.2781,35.1495,16.8222,4.5065,44.1815,169.9855,47.4860,528.1786,11.4058,4.3512,363.9011,46.5281,396.9798,81.8923,2272.1047,250.3867,6.6904,82.2040,250.4985,92.9481,210.4754,8.4830,217.0535,51.0753,53.5591,83.2835,5290.4702
2025-06-16,60.8701,34.1496,197.5918,1687.4000,163.3338,159.0805,328.7709,663.9863,40.6764,27.4962,12.5571,70.0220,69.9205,72.7828,39.6257,268.8152,120.5544,39.1722,30.2492,237.1942,7.3461,13.0743,15.3017,35.2537,16.9717,4.6126,44.2201,189.9803,47.1122,536.3867,11.5711,4.4616,363.0674,46.8321,399.8472,80.9976,2282.9951,256.2211,6.9527,81.3327,253.1534,95.2184,211.5035,8.5390,218.5304,50.8143,55.4000,83.7148,5339.5698
2025-06-17,60.5163,33.9588,193.9109,1682.4000,162.1946,157.8238,323.8952,659.9237,40.8202,27.0824,12.4050,69.4358,69.2441,71.3459,39.2766,265.5718,119.6400,38.9037,29.6099,234.9473,7.3305,13.2219,15.3158,34.6682,16.7381,4.4883,43.3988,182.2188,46.2759,528.9421,11.4242,4.3638,361.8906,46.4633,397.5731,80.7968,2271.1150,256.9133,6.7664,80.3572,251.7768,93.8601,209.5451,8.3990,218.4811,51.7370,53.3969,82.9273,5288.6802
2025-06-18,60.7129,33.9493,193.8128,1603.8000,161.2156,160.0231,322.8436,658.9329,40.3504,27.1273,12.4287,68.5849,69.5340,71.9094,39.3993,264.5889,119.2069,38.9708,29.3871,235.8265,7.3222,13.2425,15.2687,33.9388,16.9100,4.5079,42.9349,177.9441,45.7340,528.1786,11.4196,4.3570,362.8713,46.6627,396.4855,80.7237,2258.2446,259.0889,6.7908,78.4252,248.7285,92.5212,206.6566,8.3230,214.1982,50.8889,53.8834,82.2148,5266.9102
2025-06-19,60.3393,33.5773,189.7392,1548.2000,158.7236,158.8252,318.7328,647.1414,39.7463,26.8531,12.2054,67.6016,68.8383,70.0968,39.2295,262.2300,116.5118,38.5681,29.4549,234.7520,7.3139,13.3191,15.3064,33.7900,16.5157,4.4406,42.3648,172.2707,45.2808,528.7512,11.3094,4.2824,356.5946,45.5961,391.2451,80.1577,2203.7935,255.0344,6.6279,78.7188,243.6153,90.6971,203.5721,8.1550,211.2936,51.9777,52.7960,81.1274,5197.0298
2025-06-20,61.0864,34.1401,191.8005,1531.6000,159.0974,164.4611,325.2336,644.4661,39.7750,26.6088,12.2719,68.0743,69.1668,69.7775,40.1918,267.3409,117.1375,38.9516,29.5421,235.2404,7.3535,13.3658,15.4997,33.9587,16.5793,4.4986,42.7320,176.3287,45.4397,539.0590,11.3094,4.2824,357.9186,45.9749,394.1125,79.8473,2234.4841,257.3089,6.7450,78.8135,246.9586,91.9584,204.9430,8.1820,210.7521,51.7504,53.2157,81.8399,5233.5801
2025-06-23,60.6146,34.4072,193.3220,1542.0000,155.3949,163.9702,321.4096,662.5992,39.5832,26.1600,12.1578,68.2824,69.1668,68.6318,39.3710,267.4392,116.4156,38.2516,30.0167,235.1427,7.4391,13.2892,15.6929,34.3358,16.6335,4.4448,42.8286,172.8616,45.2808,522.6429,11.1533,4.2959,352.0832,47.4700,393.2226,79.2813,2241.4141,256.1222,6.6884,78.6715,245.7786,90.8912,204.4534,8.0100,209.5706,51.3907,52.4717,81.5961,5221.8999
2025-06-24,60.0640,34.6647,195.5305,1596.2000,156.9258,167.5049,325.7117,685.0920,40.7915,26.4093,12.4668,69.1711,69.0315,70.7918,39.5125,266.3581,118.3406,37.4270,30.7044,236.8035,7.4722,12.9510,15.7495,35.3232,17.1660,4.5495,42.8576,177.7668,46.1264,524.9335,11.4609,4.3686,356.5456,48.0282,394.3102,79.4456,2253.2947,260.1767,6.8981,79.2302,250.6951,94.9079,210.0347,8.2540,215.0843,49.7054,54.5606,84.5022,5297.0698
2025-06-25,57.9210,33.8253,193.4692,1582.8000,155.1991,168.4278,324.9468,688.1638,39.8422,26.3345,12.0818,68.9442,67.4275,70.6321,39.3993,267.8324,118.4368,36.8612,29.7842,232.6027,7.3921,12.8370,15.4101,34.6831,17.1155,4.5173,42.1232,174.1618,45.6546,526.2698,11.4379,4.3105,349.2391,47.9036,403.0112,77.8936,2243.3943,260.7700,6.7333,77.9044,248.2860,93.8989,209.1535,8.5090,212.1797,49.4971,53.7117,83.6773,5252.0098
2025-06-26,58.0586,33.5486,188.6595,1532.0000,154.9321,172.9051,325.3292,671.2197,40.1298,26.2049,12.1293,68.9820,67.1570,70.6885,39.2389,271.6656,119.2550,37.0050,29.7745,225.7644,7.4151,12.8090,15.4525,35.1743,17.1548,4.4972,41.7753,171.8570,44.9958,523.0247,11.4150,4.2184,343.0114,47.7092,399.3528,78.2588,2211.7134,264.3300,6.7167,77.9423,247.4502,94.9467,210.3775,8.4250,212.7213,49.7149,53.5686,82.4211,5244.0298
2025-06-27,57.7637,33.7490,195.9232,1576.6000,157.1572,174.9670,328.6753,676.2731,41.1175,26.8979,12.3670,72.6505,67.1570,72.2193,39.5880,272.6484,120.3137,38.1557,30.1523,228.8905,7.4197,12.9211,15.3912,35.3877,17.5845,4.5603,42.5870,181.4308,47.1776,524.9335,11.6675,4.2533,348.3074,47.4301,415.2716,78.5326,2252.3044,269.1756,6.8640,78.1222,253.6943,98.0903,218.1130,8.8180,226.4563,49.7244,53.9120,85.6272,5325.6401
2025-06-30,57.2525,33.8634,194.3035,1558.4000,155.8755,174.0440,328.9621,671.4178,40.1394,25.4620,12.4097,71.3457,67.0217,71.6746,39.3144,272.1570,120.4100,38.1557,29.9973,227.5228,7.4115,12.8557,15.3582,35.8392,17.4014,4.5729,42.6933,181.7854,46.4301,525.5062,11.5803,4.2698,356.1042,47.3155,411.4155,77.2362,2276.0649,272.8344,6.8542,77.8570,253.8417,96.6738,213.1192,8.5090,222.3211,49.3267,54.2840,84.0148,5303.2402
2025-07-01,58.2159,34.1114,202.4016,1532.4000,156.4095,169.1937,327.7192,662.1036,40.3504,26.3844,12.2149,71.1944,67.8334,70.6227,38.7389,270.0930,120.7469,38.1557,30.1232,229.4766,7.5826,12.8837,15.4478,35.2140,17.4033,4.5294,42.8769,192.5807,46.1171,520.1614,11.4196,4.2620,365.6664,46.6676,410.7234,81.1072,2290.9153,261.9567,6.7937,78.6715,251.3343,95.0438,211.1608,8.6010,218.9242,49.5634,53.3492,83.6773,5282.4302
2025-07-02,57.8817,33.7394,204.4629,1530.6000,156.5341,172.0018,325.5204,671.4178,41.3668,26.2797,12.3907,74.7683,67.0797,71.9657,38.3426,264.2940,120.2656,37.6955,30.0942,231.2351,7.5439,13.0575,15.3582,35.9285,17.7060,4.5696,42.5097,199.6035,47.3925,526.4606,11.4885,4.2698,365.6664,46.3287,409.6357,82.9879,2297.8455,263.3411,6.9449,79.1829,248.8760,95.5289,214.9306,8.7450,220.2042,50.5386,54.1123,85.2522,5318.7202
2025-07-03,57.7441,34.0638,203.6776,1535.0000,156.5875,173.5531,328.7709,670.9224,40.4654,25.9756,12.5998,74.0687,66.6931,71.9188,39.0597,267.2426,120.5544,37.9735,30.0458,230.1605,7.5071,13.0631,15.4054,36.6331,17.8910,4.5981,43.0025,195.4568,47.2711,530.4692,11.6492,4.2639,365.6664,46.7573,413.1952,82.2575,2327.5461,267.0000,7.0698,78.1033,253.8909,95.3154,216.6932,8.7470,221.9272,50.5291,54.3889,85.4022,5343.1499
2025-07-04,57.9407,34.1114,201.5182,1518.0000,155.7687,172.1982,326.6677,653.3840,39.9668,26.1202,12.2766,73.5959,66.7511,70.3222,38.6823,266.3581,119.5919,37.3406,29.8617,228.0112,7.4933,13.0071,15.3754,36.5190,17.7639,4.5509,42.0652,195.1613,46.7945,532.3781,11.4976,4.2601,362.8223,46.3238,404.1976,81.9471,2318.6360,266.8022,6.9537,78.8798,251.2360,94.1124,211.5035,8.5730,218.4811,50.1504,53.8452,84.3897,5288.8101
2025-07-07,57.7244,34.2450,205.4445,1562.8000,156.1069,174.0637,334.2201,665.4726,39.6408,26.0753,12.5000,73.8039,65.8235,71.3177,39.1823,270.2896,120.6025,37.4461,30.0264,231.4304,7.4381,12.9454,15.2110,36.8217,17.9171,4.6168,42.5097,192.4625,46.6263,541.3497,11.6308,4.2756,365.5683,47.4750,410.5256,81.5819,2376.0576,271.6478,7.1195,78.0748,256.7917,95.2766,213.8046,8.3940,220.4996,49.0332,54.7037,84.4835,5341.5400
2025-07-08,56.9773,33.3388,205.1500,1563.6000,155.7509,175.6739,335.2717,672.7061,40.6668,27.1023,12.7044,75.4680,65.3017,71.7591,39.1068,265.4735,120.3137,37.9256,30.0554,233.8727,7.3912,13.1883,15.1143,37.5312,18.0087,4.6164,41.7753,195.0234,47.5514,543.2585,11.6032,4.2862,366.7942,47.7441,414.3817,84.1930,2380.0176,271.9444,7.1937,78.9177,259.7416,95.6259,212.5316,8.6450,220.5980,50.0273,55.7434,85.5522,5371.9502
2025-07-09,56.6824,33.5677,208.3892,1575.6000,157.4598,179.0515,340.5298,673.5978,41.7312,27.2519,12.9278,77.5291,65.6495,74.0694,39.6729,267.1443,122.2869,38.2516,30.1426,247.0610,7.4694,13.3172,15.1385,37.6205,18.4945,4.7379,42.0652,196.7963,48.8315,550.5121,11.8788,4.2058,367.1375,47.4351,413.2941,84.6129,2409.7185,276.4933,7.3644,78.9082,261.0691,98.5269,220.8057,8.7060,224.1918,50.4439,58.2998,86.8834,5445.6499
2025-07-10,57.0166,33.7680,208.2910,1511.0000,157.0860,179.9745,332.9773,683.7047,42.3065,27.7006,12.6901,80.7437,65.9008,73.1678,39.2861,265.0804,121.4206,38.4722,29.6002,244.2280,7.3728,13.3434,15.0611,37.9629,18.4347,4.6636,42.5194,203.2971,49.6257,543.4494,11.9017,4.2291,374.8853,47.9534,419.9187,87.7170,2449.3193,272.9333,7.1605,79.7038,258.7091,98.2843,222.0787,9.0050,221.9764,50.6522,56.5924,88.1771,5438.2700
2025-07-11,56.7414,33.4723,204.3647,1519.0000,155.8400,179.8959,331.3521,677.6604,41.5490,27.2619,12.2957,80.9139,65.5529,71.9375,39.3333,262.6232,121.0837,37.6859,29.5808,236.8035,7.3471,13.3490,15.0611,37.6900,18.2067,4.5995,41.9492,195.6931,49.6257,542.3041,11.6262,4.1380,366.6471,48.2575,416.8535,86.4936,2411.6982,276.3944,7.0347,78.6336,254.4317,97.4111,218.4068,8.5860,221.7303,51.0025,55.2665,88.1021,5383.4800
2025-07-14,56.9969,33.7585,202.7942,1509.8000,155.6263,179.6799,329.8225,681.0294,41.0120,27.4314,12.3574,78.9095,65.9201,72.0127,39.4087,261.6403,120.5544,37.2831,29.6196,238.1711,7.3222,13.2649,15.1917,37.0698,18.0853,4.6089,41.2921,194.0187,48.4204,541.3497,11.5987,4.1428,365.9116,47.7092,414.3817,85.4711,2384.9678,278.0756,7.0532,79.1166,253.7434,96.7708,215.7140,8.4340,220.2042,50.5007,55.5527,86.4334,5370.8501
2025-07-15,56.7217,33.3960,203.8739,1513.2000,154.6829,176.8718,324.7556,699.6578,41.5682,27.2370,12.1150,80.4223,65.5916,71.5901,39.0785,258.9865,119.1587,37.1105,29.2612,236.6081,7.2679,13.2631,15.0370,37.3724,18.1208,4.5584,40.5480,193.7035,49.1399,535.2413,11.4747,3.9936,360.5175,48.6960,414.8761,85.1242,2373.0872,276.7900,6.9683,78.3211,255.4642,96.4021,213.7556,8.5300,222.3703,50.6333,54.9231,87.6896,5354.1699
2025-07-16,56.6234,33.5486,203.6776,1511.4000,154.0955,177.7162,327.0500,620.0905,40.2928,27.4862,12.0675,79.8550,65.2437,71.4492,39.0030,260.5591,118.1000,37.1105,29.2806,237.2919,7.2348,13.2705,15.0853,37.1243,18.0087,4.5668,40.4514,189.3106,48.2055,543.8311,11.4655,3.9722,356.9869,48.1927,423.6759,84.3208,2395.8579,276.8889,6.9957,78.7946,255.6117,94.0541,212.6296,8.0000,219.1211,50.2640,54.6942,84.4835,5298.0698
2025-07-17,57.3705,33.6250,202.6960,1551.6000,154.8431,181.9185,329.8225,644.2678,40.7819,27.8901,12.1388,79.2688,65.3983,72.4541,39.2389,259.0848,119.7362,37.4365,29.6680,238.5619,7.2569,13.2182,15.0756,37.8587,18.2852,4.6047,40.8959,189.5076,48.5045,546.8853,11.1579,4.0275,357.0359,48.8704,429.8061,84.9051,2370.1172,280.6466,7.1108,79.1166,261.3641,97.3626,221.2953,8.1730,236.0561,50.1504,55.2856,84.9335,5377.1499
2025-07-18,57.3902,33.6727,202.0090,1556.2000,153.0809,182.8415,330.3961,627.7202,40.7531,27.5909,12.1293,78.9662,65.7655,73.1021,39.5219,259.6746,120.1212,37.4653,29.4452,238.1711,7.2863,13.2332,15.0708,37.8240,18.3487,4.6098,40.6543,194.3733,47.9625,547.4579,11.2221,4.0052,355.5648,49.6479,431.5858,86.0189,2343.3867,282.1300,7.0756,78.7188,259.6433,97.5567,219.5328,7.9130,233.4962,50.3208,55.3905,84.6710,5359.2300
2025-07-21,57.7047,33.4342,201.2237,1562.0000,153.2055,182.6451,328.4841,618.4059,41.7024,27.4763,12.0390,79.8928,64.9152,73.0081,39.6257,257.7088,119.9287,37.4653,29.3484,237.8781,7.3310,13.2276,15.2352,38.2110,18.3693,4.6023,40.6253,194.3733,48.1587,551.4666,11.2543,3.9771,355.7119,49.7875,429.6083,85.3250,2305.7656,279.9544,7.1049,77.9423,259.0533,97.8477,219.8755,8.0350,232.1178,50.0463,55.3619,85.1397,5342.9800
2025-07-22,57.9407,32.9572,199.2605,1549.6000,152.7427,178.0304,325.4248,596.9040,41.7216,27.7256,12.0010,78.7015,64.8958,72.3883,39.1634,255.9396,118.1481,37.3886,29.4646,236.7058,7.4318,13.2369,15.3706,36.8713,18.2665,4.6014,40.6253,199.5542,47.6542,548.9850,11.1533,3.9800,360.8608,49.6728,423.1815,87.4249,2278.0449,272.4389,7.0503,78.1790,255.1692,95.7811,215.7630,7.8810,228.2286,49.9894,55.4000,84.3522,5290.4800
2025-07-23,58.5698,33.0622,196.2667,1533.2000,153.2945,180.0530,330.1093,601.0656,43.1503,28.3936,12.2149,81.9729,64.9152,73.7031,39.6163,255.6448,120.3619,37.3886,29.5227,240.5157,7.3519,13.3602,14.6501,35.5713,18.6477,4.6912,41.4564,209.4039,50.4013,551.6574,11.4288,3.6786,367.7259,51.9703,427.4331,89.3061,2330.5164,275.5045,7.2015,80.1678,244.6970,98.9635,222.9599,8.6010,232.5116,50.5007,57.4127,89.5457,5344.2500
2025-07-24,58.9630,33.1385,194.8434,1542.4000,153.8819,179.2872,329.3445,610.2808,43.8599,29.0418,12.3527,81.8972,65.0311,73.9942,39.8144,254.6619,119.0625,39.0188,31.0143,241.4926,7.2835,13.4536,14.7469,34.0629,18.9140,4.7360,41.5917,209.2069,50.5321,548.9850,11.6446,3.6340,366.4510,51.7311,434.1565,91.1218,2323.5862,275.9989,7.3907,80.7076,241.9929,99.6427,222.5193,8.2460,235.2192,48.7208,58.4142,89.9770,5355.2002
2025-07-25,58.5895,33.1385,195.2851,1559.2000,152.7961,176.9307,326.4764,599.3811,43.7736,29.1265,12.3860,84.1664,64.5286,74.0694,39.8805,250.4356,119.5437,39.1147,30.6850,243.9349,7.3339,13.6984,14.8387,34.2366,18.8719,4.7295,41.9299,218.4656,51.8496,547.6489,11.5711,3.5866,367.4807,51.3623,435.9362,93.6394,2361.2070,274.4167,7.4063,80.6035,240.9112,99.1090,222.5683,8.5050,232.6100,48.5977,58.4047,94.0736,5352.1602
2025-07-28,56.4661,32.8618,192.9784,1583.4000,153.4369,174.4171,324.6600,624.2187,43.0257,28.8723,12.5285,81.4056,63.5624,72.6701,39.7673,245.7178,118.7256,39.2201,30.2007,240.5157,7.3196,13.7769,14.6888,34.7278,18.8252,4.7538,41.7656,212.6543,50.1864,544.4038,11.5803,3.5826,366.4019,50.9736,434.1565,90.3730,2364.1770,272.7355,7.3663,80.9728,239.9771,97.6052,220.9526,8.2730,232.4624,49.6107,58.8339,90.7082,5337.5801
2025-07-29,56.6627,33.0812,194.0582,1527.0000,156.0358,176.1845,329.5357,618.9532,42.0956,28.4934,12.8327,81.4623,64.1228,73.7031,40.0597,249.7476,120.4581,38.1461,30.7141,257.1232,7.3044,13.8330,14.7614,35.2091,19.0634,4.8594,41.8719,209.2561,49.7192,549.5577,11.6492,3.3495,366.4019,51.1231,434.7498,88.4263,2354.2771,278.5700,7.5273,81.3043,244.3036,98.1873,222.3235,8.2860,234.5792,49.7338,60.0930,89.5457,5379.2002
2025-07-30,57.1346,32.9572,171.6781,1528.6000,155.1458,175.6150,330.3961,623.4240,42.1435,28.1244,12.8898,79.8739,68.8383,74.2572,40.2012,248.3715,120.2175,38.1653,30.8303,252.3363,7.3795,13.9152,14.8726,35.6060,19.2083,5.0726,41.3984,212.6543,48.0186,546.8853,11.8191,3.5209,381.0639,50.7244,431.1903,88.1830,2247.3545,277.6800,7.5048,80.9918,248.7777,98.1873,224.1839,7.9120,235.5146,49.5066,61.1995,87.7458,5393.1802
2025-07-31,50.5285,33.0049,164.9543,1510.6000,153.7929,172.8462,331.9257,609.1175,41.3860,27.2719,13.9164,79.3066,69.4567,75.1869,40.2673,249.7476,117.0412,37.8297,30.4913,254.5833,7.3510,13.9301,14.8484,34.3705,19.1429,4.9501,40.4997,213.2453,46.8132,549.3668,11.7548,3.5150,381.8485,50.0765,380.9622,84.5703,2129.5415,286.2833,7.3507,74.6655,246.6144,97.3141,220.2182,7.7630,224.7333,49.2510,61.6478,86.3584,5319.9199
2025-08-01,49.0933,32.6138,164.1691,1448.4000,151.4967,166.0321,319.4020,591.1351,40.0531,28.0397,13.6455,77.6237,70.0558,71.8718,37.1067,250.2390,114.2981,36.6982,30.1523,249.4056,7.3101,13.7339,14.7614,33.5419,18.2871,4.6743,39.7459,212.9005,45.8788,538.1046,11.5987,3.3994,368.8538,48.2325,375.0298,83.8215,2057.2698,277.1855,7.0181,76.0860,240.5670,88.2716,208.5170,7.5890,210.6044,48.3515,59.3395,83.5835,5319.9199
2025-08-04,49.5651,32.8905,163.7274,1457.2000,153.2945,169.1937,330.1093,598.4869,39.9668,27.4164,14.0685,78.0775,70.5776,73.7219,37.7199,252.5979,115.4531,37.5516,30.5301,250.2849,7.4660,13.7059,14.9886,33.4972,18.5401,4.8258,39.9682,211.8171,45.5705,550.7030,11.7823,3.4612,372.5315,49.6031,374.0410,84.1397,2076.0801,284.5033,7.2961,77.6581,240.6654,89.2612,212.2868,7.5670,215.9212,48.8344,61.5047,83.1335,5242.3198
2025-08-05,50.5875,32.8332,163.1875,1452.2000,153.9709,172.0214,332.0213,593.2213,40.7531,27.6458,14.1920,79.1742,69.8819,73.6092,38.3049,250.7304,116.0787,37.3406,30.4526,247.0610,7.4052,13.7769,14.9693,35.0304,18.6771,4.7977,39.8909,208.2219,46.1685,554.3298,11.7226,3.4474,366.1077,49.7675,382.5442,85.0757,2074.1001,284.3055,7.3068,77.6866,242.5337,90.0374,214.2452,7.5840,211.4905,49.1374,61.4093,84.6522,5249.5898
2025-08-06,50.8628,32.9763,159.8992,1488.0000,152.8673,174.6724,336.8969,589.0487,40.9832,24.9036,14.4867,80.1197,69.3601,74.4732,38.4558,251.3201,116.8487,37.2543,30.3266,243.5442,7.4280,13.9152,15.0370,34.0530,18.8997,4.8361,40.1325,206.1042,46.6450,563.3015,11.8053,3.4425,367.4317,50.3456,373.0523,87.1347,2091.9204,286.8767,7.4209,75.4515,244.6970,90.7165,214.4411,7.6330,211.5398,49.7054,61.7432,85.3647,5263.2900
2025-08-07,51.5509,33.4819,163.4820,1521.0000,154.4871,174.1815,350.7590,606.7331,42.9202,25.2975,14.7291,81.6514,68.9542,74.6610,39.2200,254.5636,118.1962,38.5968,28.8156,246.3772,7.3738,13.8330,15.0853,34.2316,19.2298,4.9155,40.9056,209.8964,47.6915,580.0992,11.9614,3.4484,374.7872,50.5350,378.6881,89.1750,2100.8308,287.9644,7.5838,76.5596,250.4985,93.6854,222.3724,7.8960,216.9058,49.5918,63.1263,87.4271,5332.0698
2025-08-08,52.1210,33.4432,164.4145,1494.8000,154.6651,173.0229,348.9426,612.8928,43.6106,25.6415,15.1521,82.6725,69.4760,76.5393,39.0502,253.9739,119.0144,39.1530,28.5735,247.0610,7.3976,13.8274,15.0273,35.1892,19.5104,4.9884,41.3501,212.4080,48.7007,538.2955,12.0808,3.4582,376.9448,50.3357,376.2162,89.6243,2092.9106,287.9644,7.7594,76.6448,245.9261,95.0050,227.5621,8.0860,218.5796,49.9042,64.4140,89.4145,5347.7402
2025-08-11,51.8261,33.7916,161.1753,1495.6000,153.5259,172.6105,347.8910,622.9272,42.9106,25.6365,15.2662,81.8594,68.4711,76.5862,39.2672,256.4311,120.2175,38.9133,29.0190,245.8887,7.4261,13.8031,15.1095,35.0156,19.7482,4.9782,40.7993,209.8964,48.3269,541.1588,12.0670,3.4602,373.0709,50.5051,376.1174,89.9986,2016.6788,284.0089,7.8033,77.0331,245.1886,93.9183,223.3027,8.0200,215.2812,49.7244,64.2423,90.7082,5331.8501
2025-08-12,51.7278,33.7529,163.5311,1463.6000,154.5761,177.5787,347.7954,629.7824,42.9777,25.8858,14.9810,82.7292,68.3938,76.7741,39.7389,248.2733,120.3137,39.8339,29.3677,247.9403,7.4546,13.9395,15.1046,36.4942,19.8671,4.9950,40.8476,210.1426,48.8128,527.0333,12.1634,3.4905,372.0411,50.5849,377.6005,89.9612,2025.5890,287.3711,7.8179,77.3267,228.1282,95.4707,226.2892,8.2740,218.7765,50.3398,65.2534,91.7394,5335.9702
2025-08-13,51.6688,33.3754,164.9053,1465.0000,156.4095,176.3023,352.4799,636.4388,43.8120,26.7234,15.2329,83.8449,69.1088,77.8916,40.2579,250.1407,121.8538,39.9777,29.4162,255.8532,7.5516,13.9582,15.3609,36.3354,20.1002,5.0763,41.2245,214.0825,49.2613,533.1415,12.2645,3.5072,380.6716,52.4687,379.4791,90.5602,2054.2998,286.1844,7.9360,78.7757,235.0113,95.2766,225.4569,8.2760,214.6412,49.7149,65.2248,92.4894,5388.2500
2025-08-14,51.2166,33.5690,164.7580,1392.6000,158.9728,180.4457,360.0323,638.7239,43.9846,26.5539,15.5371,83.9962,69.2828,78.8308,40.4654,252.5979,123.1050,39.9777,29.6874,257.0255,7.6229,13.9881,15.6897,36.3354,20.2619,5.1502,41.8043,208.5667,49.6351,529.8965,12.5629,3.4837,381.2600,52.5983,393.0249,90.4292,2058.2598,290.3378,8.0159,79.1166,235.6505,96.1692,228.3944,8.3240,218.5796,49.7717,65.7685,92.6768,5434.7002
2025-08-15,51.6295,33.3464,163.1384,1396.4000,160.3968,183.4895,360.8927,632.5641,44.2627,26.9677,15.6654,85.2253,69.6306,78.6054,40.9466,251.8116,124.7413,40.0736,29.8714,261.3239,7.6229,13.9881,15.7574,36.3751,20.2572,5.1502,42.0169,208.4682,49.9995,531.2327,12.5951,3.5405,385.3301,52.9372,393.0249,92.0015,2044.3994,288.5578,8.0413,80.4519,233.0447,96.0528,229.3736,8.3240,217.2012,50.6238,65.7685,93.2018,5448.6099
2025-08-18,52.2193,33.3851,163.8255,1435.2000,160.2010,180.8778,357.0687,634.5513,44.4449,27.5909,15.5514,84.4500,69.2828,77.2812,40.3616,251.2219,123.2013,39.2201,30.1039,261.6170,7.5848,13.9656,15.6655,36.3801,20.1430,5.1315,42.2101,207.0892,49.3361,531.9963,12.4252,3.5190,385.7224,52.7976,393.0249,91.3651,2052.3196,289.7444,8.0013,81.0486,232.7006,94.7915,228.6882,8.3160,215.1335,50.1977,65.3583,92.6956,5434.6401
2025-08-19,52.5143,33.8691,166.1813,1450.0000,163.1024,180.5047,357.9291,638.1278,45.6147,28.0097,15.5894,86.4355,69.8046,77.8165,40.5032,250.5338,124.1638,40.0832,30.2685,265.5247,7.6400,14.0161,15.8299,36.7175,20.3095,5.2399,42.3648,213.2453,50.6255,530.8510,12.4435,3.5719,392.2933,52.4687,400.8359,94.4349,2084.9905,288.8544,8.0374,81.9104,232.9464,97.6537,233.2903,8.5840,219.8103,50.8415,66.2835,94.5893,5483.2798
2025-08-20,53.0648,34.2950,167.0647,1453.2000,164.6510,175.8899,358.9807,634.0544,46.1517,27.8751,15.4468,85.8493,72.0077,78.2391,40.8617,255.3499,123.7788,39.6900,30.5494,269.1393,7.6980,14.0946,16.0330,36.1220,20.2239,5.2100,42.3454,218.3178,50.5228,537.5320,12.4527,3.5513,398.8642,52.3690,398.2652,96.4004,2082.0203,285.9867,7.9730,82.4218,229.8490,94.5975,228.6392,8.4280,212.2290,51.1350,65.6158,94.8705,5472.3198
2025-08-21,53.3400,34.4402,165.5433,1443.4000,163.1380,177.6376,358.4071,630.3785,45.5284,28.0496,15.6037,85.4900,71.3506,77.6850,40.6164,253.7773,123.8269,38.8845,30.6172,265.7201,7.7255,14.1618,16.0668,35.8740,20.3808,5.2437,41.9686,215.0675,50.6349,534.4778,12.2782,3.5464,392.9798,52.4288,395.8922,94.6689,2049.3496,289.2500,8.0540,82.8385,228.2757,93.5302,228.7861,8.2950,211.6875,51.4001,65.9879,94.7299,5462.1602
2025-08-22,53.3204,33.9271,168.2917,1474.4000,162.9778,177.4413,356.5907,642.0025,46.0846,28.4734,15.6417,86.4355,70.7709,78.3049,40.1824,252.4996,124.1638,38.5297,30.4429,265.7201,7.7113,14.2272,16.0668,36.5686,20.2809,5.2745,42.5290,220.4355,51.5226,529.7057,12.3930,3.6101,391.3126,53.4355,399.5506,95.3241,2074.1001,287.2722,8.1115,82.7154,228.7182,95.2378,231.9684,8.6460,212.0813,51.7220,65.9974,95.9954,5488.2300
2025-08-25,53.3204,33.7529,165.8378,1472.0000,160.8062,177.2645,354.3919,642.4993,45.3750,28.0247,15.3470,85.9817,70.2491,75.5344,38.6445,253.2859,116.9450,37.9927,30.4719,262.9847,7.6685,14.2441,15.8299,36.3751,20.1049,5.2680,42.1618,220.8788,51.0180,527.4150,12.3058,3.6365,389.4492,53.9339,398.4630,93.3118,2060.2400,286.6789,8.0803,81.6926,229.1115,92.0555,230.5976,8.5720,209.9644,51.2202,65.7398,95.2923,5443.9600
2025-08-26,52.7305,33.7045,164.6108,1431.4000,157.2284,176.6165,348.4646,646.3739,45.4229,28.5083,15.0618,85.5468,69.6113,72.3414,37.0878,252.1064,110.1593,37.4749,30.6075,259.7609,7.6162,14.1917,15.6462,36.0129,19.8529,5.1679,41.9975,222.0607,50.4760,520.5432,12.2415,3.5973,389.0569,53.3558,395.8922,91.8892,2051.3296,284.8000,7.9486,81.7115,227.9807,90.8524,230.0101,8.4120,207.5522,50.0936,63.3647,95.1049,5383.6802
2025-08-27,53.0844,33.3270,165.5433,1440.0000,158.4744,175.0259,347.9866,655.9116,44.2627,28.3338,14.7624,84.6013,69.3021,71.8718,37.6633,251.3201,111.3624,37.5996,30.7044,260.3470,7.5877,14.2235,15.6752,35.6259,19.7007,5.0371,42.0749,226.0498,49.7752,522.4521,12.1221,3.6346,393.5192,52.2195,400.5393,92.6941,2097.8606,284.0089,7.8647,81.9577,232.4547,90.6583,228.1496,8.1730,208.1921,50.3776,63.1740,94.0736,5393.0698
2025-08-28,52.8485,33.1528,166.5739,1442.6000,157.8869,175.3794,345.6922,650.0499,44.0038,27.8452,14.7862,85.2631,68.6450,72.2193,37.6444,249.3544,112.7099,37.4174,30.3944,257.3186,7.5744,14.1824,15.6510,36.0377,19.5770,5.0567,41.9009,231.4671,50.1957,520.3523,12.0486,3.5954,394.5980,52.2295,403.8022,93.9670,2103.8008,284.6022,8.0325,80.8402,232.4056,90.8136,231.9195,8.2150,210.4075,50.2735,63.1072,93.9799,5396.7300
2025-08-29,52.6322,33.1528,163.2857,1434.4000,156.8367,175.8114,345.3098,632.4648,43.4955,27.9798,14.7244,84.5824,68.7803,72.1535,37.5407,247.2904,111.5549,37.2831,30.2395,254.1925,7.4945,14.2403,15.5446,34.6930,19.3677,5.0249,40.7799,225.7051,49.8500,519.7796,11.9752,3.6042,390.2337,52.6381,402.1213,90.9720,2070.1399,281.7344,7.9594,80.0163,227.8332,89.4552,231.6747,8.1840,206.8137,50.6522,62.9927,93.3518,5351.7300
2025-09-01,52.4946,32.9011,162.9421,1423.0000,156.9079,178.6980,344.0670,631.9681,43.4572,27.7804,14.8289,85.5846,69.0895,72.3601,37.5312,244.8332,111.1218,37.6667,30.5010,252.7271,7.4774,14.3113,15.3947,34.4003,19.5152,5.0483,40.7509,226.3453,50.2144,517.4890,12.2690,3.6267,389.3021,52.4288,406.7684,91.8892,2042.4193,282.4267,7.9974,80.2057,229.9964,90.1732,234.2206,8.2300,207.0106,50.6048,63.6223,93.7268,5367.0801
2025-09-02,51.6492,32.8237,161.0771,1376.2000,155.6619,175.9096,338.6178,613.1909,43.0640,27.3566,14.6768,83.7693,70.8482,71.3177,36.9840,240.0171,108.8118,36.7269,30.4138,251.1641,7.3919,14.1656,15.2884,32.8621,19.4343,4.9669,39.8522,235.0130,49.5416,508.5174,12.1864,3.5719,389.1549,51.0234,414.4806,92.3759,2019.6489,276.3944,7.8521,80.0352,223.4574,87.8059,223.9391,8.0100,207.8475,50.6806,62.1533,92.3394,5291.0400
2025-09-03,50.5089,33.1140,168.8316,1394.4000,156.4095,181.3490,337.4706,621.2382,42.7956,27.9549,14.6673,83.4667,71.8145,71.5525,37.1067,242.7692,110.0149,36.8804,30.1329,252.0433,7.4289,13.9096,15.2787,31.2743,19.6055,4.9716,40.7993,232.8953,49.6631,504.8906,12.1267,3.6757,391.9010,51.8308,419.6220,92.9000,2026.5790,278.4711,7.8852,81.5600,227.4890,87.6700,224.6735,7.7920,213.9028,49.9705,62.8115,92.8456,5325.0098
2025-09-04,50.0960,33.4432,169.9604,1377.8000,156.8190,183.4699,338.5222,643.3934,42.1914,28.4934,15.0286,83.7693,72.4522,72.8391,37.5595,242.5726,111.5549,37.4557,30.8400,254.1925,7.4613,13.9470,15.2158,31.0362,19.8814,5.0137,41.2341,229.1525,49.6257,514.8167,12.2782,3.8276,396.6085,52.1099,421.5995,90.3543,1998.8583,277.7789,7.9847,74.7791,229.3081,88.5238,225.2610,7.7130,213.9028,49.9516,63.4411,92.9018,5346.7100
2025-09-05,50.4499,33.6271,172.4634,1386.4000,156.0891,180.5047,335.9409,655.9116,42.0093,28.0746,14.8337,83.6180,72.5488,71.8624,37.2765,241.5897,111.2180,37.3982,30.6560,253.6064,7.4537,13.6648,15.2013,31.3339,19.5532,4.9464,40.6543,233.7818,49.4482,507.5630,12.2507,3.8031,394.8922,52.2594,413.6896,89.9612,2018.6588,275.1089,7.8901,75.2905,224.4408,88.7373,221.2953,7.7500,214.9366,49.0616,61.9244,93.6705,5318.1499
2025-09-08,49.7814,33.4916,178.6965,1390.6000,157.4598,184.4125,337.1837,672.2050,42.3641,28.1693,14.9905,83.1263,72.2010,72.0314,37.5124,243.1623,112.9024,37.3982,29.4937,255.9509,7.4261,13.7227,15.1675,31.8301,19.9099,5.0006,41.4274,235.3085,49.0558,507.1813,12.4252,3.8060,394.4019,52.8774,404.2965,88.9878,2023.6089,276.2955,8.0852,74.9401,226.6040,90.2508,225.8485,7.6220,222.6656,49.1374,62.7257,96.1829,5362.8101
2025-09-09,49.9190,33.4238,174.8192,1403.0000,157.5132,184.1375,337.7573,678.7621,41.7216,28.1543,15.1474,79.6659,72.2010,73.1302,37.5973,240.3120,113.2393,36.9858,29.6486,253.9971,7.3767,13.9619,15.1675,31.8400,20.2143,5.0707,41.2148,229.7434,48.3550,506.0359,12.4619,3.8187,388.7136,53.3259,403.3078,88.3140,2074.1001,276.8889,8.1184,76.4933,226.4565,89.6881,223.7433,7.6200,220.0073,49.9326,63.1931,96.1361,5368.8198
2025-09-10,49.5848,33.1818,175.0646,1365.8000,155.2881,185.1390,336.2278,675.7817,41.8846,27.9499,15.3517,79.4579,71.7951,73.4026,37.7105,237.7565,113.9130,36.8228,29.0094,258.9794,7.4318,13.9750,15.2110,31.5869,20.1573,5.0838,43.9013,229.9897,48.4858,498.5914,12.5629,3.8227,380.6716,53.2860,401.9236,86.1052,2072.1201,277.7789,8.2666,76.0292,219.9667,89.2806,223.6454,7.4600,225.4225,49.9516,62.9164,95.0580,5361.4702
2025-09-11,49.5848,33.3367,175.5063,1360.4000,157.7267,190.4803,336.8969,681.5439,42.1435,28.7476,15.4088,79.7415,72.2783,74.5765,37.9747,236.4788,114.1537,36.9379,29.0287,260.4447,7.4318,13.9413,15.1578,31.6763,20.2143,5.1165,45.0705,235.5547,48.6446,498.2097,12.5170,3.8305,376.4544,54.0535,404.2965,85.2816,2088.9504,282.0311,8.3310,76.4649,216.1318,90.9106,224.2818,8.1450,226.1117,49.4119,63.5460,96.3704,5386.7700
2025-09-12,49.1523,33.2205,173.7395,1345.2000,157.7446,189.7145,338.9045,685.3192,42.0572,27.9898,15.4135,79.2499,72.1237,74.4732,37.9369,235.5942,114.0574,36.8804,29.0675,258.5886,7.4708,13.9040,15.1772,31.5125,20.5330,5.1174,44.6453,237.6724,48.2989,507.9448,12.5767,3.7511,373.7084,54.4124,402.7145,84.6264,2069.1501,282.4267,8.2812,76.4270,217.2134,91.1046,223.7923,7.9950,228.4255,49.3456,63.6223,95.6205,5390.7100
2025-09-15,49.2112,33.0463,175.0155,1349.0000,157.6734,192.7386,339.8606,724.6620,42.1914,27.4214,15.5514,79.0041,71.7178,75.4405,38.1162,234.3165,115.0681,36.7749,28.9028,260.3470,7.5288,13.8834,15.3077,32.4007,20.8279,5.2474,44.8386,251.5112,47.9625,505.4633,12.7099,3.7678,381.1129,55.4191,402.1213,84.2521,2099.8408,285.2944,8.3983,75.3000,211.0677,91.8808,225.4079,8.1500,230.1486,49.7812,64.4235,95.0580,5440.3999
2025-09-16,48.2085,32.5914,172.5125,1321.0000,155.2881,189.4199,331.3521,728.1393,41.8654,26.8630,15.3850,78.5881,71.7758,74.3511,37.4557,228.2227,113.4318,36.5160,28.4669,264.3524,7.4394,13.9768,15.1288,31.9789,20.4569,5.1268,43.8529,259.3417,47.9345,491.9105,12.5997,3.7570,370.0797,54.4522,401.5280,83.5033,2097.8606,280.6466,8.1964,74.6655,207.4295,90.4643,221.3443,8.1400,225.3733,49.6391,63.5460,93.6518,5372.3101
2025-09-17,48.9753,32.7269,175.5063,1377.0000,155.0033,188.2220,329.3445,732.2127,41.7024,27.3018,15.2614,78.4557,71.4086,72.9424,37.3331,226.8466,112.0362,36.7653,28.2635,263.9616,7.4109,13.8834,15.0370,32.4007,20.4094,5.0595,44.1815,262.9368,47.6635,493.4375,12.6180,3.8716,369.8835,56.0869,391.2451,84.1397,2099.8408,276.6911,8.1847,75.2337,214.0668,90.3479,220.5609,8.2380,223.4533,48.9764,61.2663,92.8456,5369.7002
2025-09-18,49.1916,32.6398,177.9603,1395.2000,155.4127,188.2220,331.9257,788.8423,41.1942,27.4713,15.4183,78.8717,71.0028,73.6186,37.3425,226.7484,112.8543,36.5639,28.3120,268.1623,7.3652,13.9171,14.9499,33.4278,20.4284,5.0885,44.5004,264.7097,48.1774,497.2552,12.5354,3.9490,370.9133,56.3660,404.3954,83.6156,2123.6013,281.6355,8.3212,75.9061,225.6699,90.6583,223.2537,8.4000,229.0655,49.2604,61.6001,91.3644,5456.6699
2025-09-19,49.6241,32.6978,176.0462,1379.8000,156.3562,190.3429,332.2125,788.5444,41.0600,27.4214,15.5989,78.7204,71.2733,74.7549,37.6350,222.6203,113.1912,36.1324,28.1667,267.3808,7.3729,13.8143,15.0853,32.7381,20.5806,5.1128,44.3651,263.9218,48.1027,497.4461,12.7282,3.9265,362.5280,56.7447,402.9123,83.1851,2107.7610,288.3600,8.4412,76.1997,223.7524,90.9882,223.6454,8.4470,227.5394,48.8249,61.9244,91.1957,5458.4199
2025-09-22,48.9458,32.5333,175.6535,1379.2000,155.3949,191.5996,332.4993,805.5333,40.4558,27.3815,15.1854,77.8506,70.1524,73.8909,37.7860,220.8511,112.5655,36.1324,27.7018,268.5531,7.4594,13.8751,15.0708,32.7480,20.5092,5.0969,43.4857,261.0161,47.4579,496.6826,12.6226,3.9285,355.0254,57.0238,401.4292,81.2758,2092.9106,291.1289,8.3407,75.9819,220.9500,89.8045,222.3235,8.2260,226.4563,48.9764,62.0198,84.7272,5442.0498
2025-09-23,49.1129,32.7269,181.8375,1374.6000,156.0535,190.7356,332.8817,814.4749,41.0887,27.4314,15.3755,79.0608,70.0558,74.1257,37.7577,217.2145,112.7580,36.1132,27.5080,268.0646,7.4755,14.1129,15.1288,33.5419,20.8374,5.0959,43.3988,265.9409,48.5605,494.2010,12.7650,3.9853,367.4807,56.9341,409.6357,81.6689,2111.7212,288.3600,8.4734,75.0632,222.4250,91.0076,224.2329,8.4850,226.9979,49.6013,61.1709,87.3896,5472.3901
2025-09-24,49.7617,32.6301,181.3467,1386.4000,154.2557,190.3036,330.7785,802.7514,40.6956,27.5311,15.5751,80.1954,70.0558,73.4589,37.5501,217.5094,111.2180,36.2187,27.6630,263.2778,7.5668,14.3697,15.1288,33.2492,20.9421,5.0642,42.8479,269.2899,49.1025,495.5373,12.8568,3.9353,360.0272,58.0604,402.8134,80.6207,2045.3895,289.3489,8.5232,75.2905,224.1949,89.5135,221.6381,8.1890,228.8194,50.6522,61.3426,87.2959,5464.5601
2025-09-25,50.2336,32.6301,176.9787,1378.2000,154.8609,190.3429,333.9333,806.4274,40.3600,27.1672,15.3090,80.1954,70.1718,73.6562,37.6727,220.5563,110.9293,36.2667,27.7308,259.8586,7.5639,14.4134,15.2642,33.0606,20.8279,5.0847,42.9832,266.8274,48.7568,495.9190,12.7144,3.9187,359.0464,57.8013,399.6494,79.9842,2041.4293,288.9533,8.4949,73.4154,221.4417,87.3595,219.1411,7.9900,227.4902,50.5386,61.4570,86.4521,5444.8901
2025-09-26,49.9780,32.9398,176.9787,1353.0000,156.1604,192.1691,342.3462,807.5203,40.7435,27.1721,15.6512,81.0652,70.5583,75.3072,38.3615,220.2614,112.3730,36.5160,27.7502,265.4270,7.5801,14.5941,15.4383,32.4156,21.1418,5.1978,43.7853,270.8658,49.8220,515.3893,13.0405,3.8824,359.8310,58.2100,401.3303,78.0188,2048.3594,292.7111,8.6324,74.1730,221.3925,88.5820,223.9881,7.9050,231.6255,51.3623,62.4204,84.9522,5499.7002
2025-09-29,50.0960,33.0463,177.7639,1367.6000,157.0148,192.2280,340.7209,820.1378,40.8394,27.6358,15.4373,80.8950,70.8482,75.2198,38.2671,222.4237,111.9399,36.4584,27.8761,268.5531,7.5877,14.3430,15.5060,32.7877,21.0848,5.1941,44.2105,283.6212,50.3546,519.3979,13.0864,3.8951,358.0167,59.5057,406.2740,78.3557,2097.8606,292.5133,8.5319,74.1351,221.7858,88.2328,221.4912,7.9890,230.6409,50.2261,60.7035,86.0209,5506.8501
2025-09-30,49.9387,33.3464,176.0953,1365.0000,157.4064,193.8186,341.6770,822.7209,40.6476,28.1493,15.5324,80.7816,71.6599,75.1032,38.3426,224.1929,113.5280,36.4584,28.0989,269.6277,7.6675,14.1376,15.5736,32.9465,20.9991,5.2483,45.3894,278.3023,49.9621,518.6343,12.8338,3.9961,361.4002,59.7449,406.9661,78.1873,2062.2200,296.7656,8.6558,74.3908,224.0966,88.9313,224.4287,7.8640,233.9393,48.9764,61.4952,86.2084,5529.9600
2025-10-01,49.8207,33.0076,183.1136,1368.0000,156.5697,195.4682,347.3174,835.9345,41.0504,29.5553,15.5656,81.1219,70.9641,76.0842,38.3426,223.0134,113.9612,36.6598,28.2732,270.5069,7.7464,14.2517,15.6413,33.2938,21.1466,5.3231,46.3848,279.0903,50.5975,522.6429,12.8201,4.0147,359.2916,60.3231,409.3391,77.5134,2067.1699,295.0844,8.6041,80.6698,223.9983,90.0956,226.6319,8.1400,241.0775,49.6598,61.8863,87.1084,5581.2100
2025-10-02,50.5089,33.2302,182.8191,1456.0000,157.1572,198.3843,346.3614,871.8994,41.8654,29.0368,15.5229,82.3889,71.3506,75.2975,38.2671,226.9449,114.0093,37.1680,28.2054,273.7307,7.7540,14.1471,15.5688,33.9736,20.8945,5.2156,46.1915,282.5869,51.4011,527.7968,12.7282,4.0460,366.9904,60.9410,420.5119,78.2621,2123.6013,300.2267,8.4490,80.5372,228.2265,90.8136,236.1789,8.8160,246.6405,49.0727,60.4841,87.5583,5645.8101
2025-10-03,49.7421,33.2108,184.1442,1445.6000,152.7961,199.8571,345.5966,874.3831,42.4504,28.7676,15.6084,81.7081,70.6936,75.7539,38.0973,222.7186,113.5280,37.3023,28.1570,276.2707,7.8025,14.1757,15.6510,33.8793,20.8897,5.2437,46.7230,293.3723,51.7749,526.8424,12.8063,4.0627,369.2951,61.5989,422.0939,78.8798,2139.4419,299.7322,8.5319,82.2040,226.3090,91.5121,236.1789,9.0200,245.8528,49.1497,60.8943,87.4458,5651.7100
2025-10-06,49.2702,33.6174,183.9970,1476.6000,151.3543,197.4515,347.0306,891.4714,42.1243,28.2690,15.3755,84.4122,69.8626,73.3259,37.2104,221.5391,111.2662,37.3023,28.0601,269.7254,7.7892,14.3678,15.6945,33.8198,20.6662,5.1623,46.7133,288.0042,51.7655,540.5861,12.8109,4.1322,366.7942,61.2102,415.4693,79.2542,2086.9705,294.7878,8.4793,81.2380,227.7348,88.3686,238.1862,9.3250,246.1482,49.3903,60.5890,87.0521,5628.7202
2025-10-07,50.3516,33.5206,183.5553,1479.8000,150.8203,198.7770,348.2734,869.1176,42.1914,27.7006,15.2614,82.7103,69.7079,72.4810,36.9274,222.3254,111.2662,37.0913,28.1376,270.0185,7.7635,14.4305,15.8057,33.2839,20.0051,5.1511,47.1095,304.5517,51.5506,541.3497,12.7558,4.1665,371.9431,61.4095,416.3592,79.2542,2093.9006,295.3811,8.3856,80.3478,231.0781,88.2522,237.2560,9.4330,242.1114,48.9668,60.2456,87.2209,5613.6201
2025-10-08,50.5875,33.8303,189.6411,1498.0000,151.1229,201.5753,354.7743,846.2670,41.3764,27.3417,15.5514,75.8840,70.0172,73.0346,37.5784,223.8980,112.5655,37.0913,28.3313,272.2654,7.8187,14.5370,15.8782,32.8076,20.0717,5.1810,46.4524,310.0675,50.0462,546.6944,12.7420,4.2968,375.7189,62.1870,413.7885,80.0404,2133.5017,300.4244,8.5466,80.1110,233.2414,87.1073,240.1446,9.3170,244.9667,49.2074,61.4570,85.6084,5649.7300
2025-10-09,50.2336,34.2562,187.8742,1495.6000,152.6003,200.9371,352.7667,844.2800,41.2038,28.1194,15.2709,75.9218,73.3412,73.3648,37.5501,224.2912,114.0093,37.2735,28.7382,271.5815,7.8558,14.6245,15.9556,32.9266,19.9052,5.1492,45.7276,307.4081,49.6818,540.3952,12.7558,4.3546,368.9028,61.6587,350.0146,79.7783,2076.0801,299.6333,8.4344,80.3288,233.8314,87.4566,241.3196,9.2310,245.1636,49.2267,60.5795,85.3084,5625.5601
2025-10-10,50.4892,34.5950,184.0461,1467.6000,150.9449,198.3352,351.2370,808.6132,40.4654,27.9001,15.0095,74.2010,73.3219,73.3259,37.3237,223.2100,113.0468,36.7941,28.7091,267.0877,7.9147,14.2213,16.0716,31.7755,19.8481,5.0763,45.3894,304.3546,49.7098,539.2499,12.8109,4.4477,362.5280,59.0672,340.3250,78.3183,2014.6987,293.9966,8.3105,78.9272,226.7024,84.9340,237.2560,8.5600,241.4714,48.1293,59.5207,83.5835,5531.3198
2025-10-13,50.3516,34.8467,185.2730,1478.4000,152.4223,198.6788,352.3842,838.5176,40.9257,27.6757,15.0856,74.8251,72.2010,73.2677,37.2765,224.4878,113.9130,37.1680,28.5154,268.2600,7.9366,14.2384,16.0040,32.3362,20.0431,5.1231,45.8919,299.1836,49.9341,537.7228,12.8155,4.3938,362.8713,59.6353,326.2848,77.7942,2021.6288,294.7878,8.4090,79.7038,227.5382,86.6416,240.9769,8.7930,243.0960,47.9801,59.6638,83.4710,5568.1899
2025-10-14,50.4695,34.5854,183.5553,1460.4000,152.5647,199.6116,353.4359,841.1007,39.8805,27.2519,15.1949,74.3145,72.7421,73.5687,37.9086,225.3723,116.0010,36.8900,28.5251,265.9154,8.0288,13.9798,16.1974,31.8797,20.0526,5.1146,45.8243,294.4065,48.8595,543.4494,12.8706,4.5701,361.4002,58.5788,321.3411,76.8395,2005.7886,296.1722,8.3125,79.4954,228.8165,85.9236,233.3882,8.3730,241.3729,48.3700,60.0262,84.4460,5552.0498
2025-10-15,51.1183,34.7015,185.8129,1457.6000,152.4045,199.3170,349.9942,867.3293,40.7915,27.1771,15.0048,74.5792,72.6455,74.6176,37.8992,221.5391,116.9235,37.0913,28.4669,263.9616,8.0202,14.0007,16.2022,32.2617,19.9527,5.0333,46.2881,308.4423,48.9249,538.2955,12.9808,4.6710,372.7277,58.8678,330.6353,78.0375,2153.3020,293.4034,8.2744,79.8174,230.2914,87.6118,235.6404,8.6420,243.2437,50.1604,59.7973,84.5585,5605.0298
2025-10-16,52.0031,35.3500,189.1012,1464.4000,154.8609,201.7226,347.9866,871.7007,41.4147,27.0126,14.9382,75.2411,73.7277,75.7345,37.9275,217.9025,118.2831,37.5420,28.7091,270.2139,8.1172,14.0425,16.2554,33.0060,20.0336,5.1137,46.6167,303.8622,49.2707,527.0333,13.4353,4.7896,378.9063,58.5090,338.4463,81.2758,2140.4316,299.4355,8.3681,81.7589,229.3081,87.9417,239.1654,8.8380,248.4620,50.6032,60.3315,84.3147,5652.0098
2025-10-17,52.4553,35.7759,187.8742,1446.6000,153.8107,196.7642,332.4993,870.0117,41.7120,26.7384,15.8318,75.8462,74.9066,72.7335,37.1821,218.4922,117.8947,37.7626,28.8834,305.2850,8.0972,14.1167,16.3908,32.2121,19.4914,4.9997,46.6457,304.8964,49.8687,517.4890,13.2195,4.7768,383.1234,57.3926,336.6666,83.4846,2169.1423,293.6011,8.0871,81.8536,227.0957,86.8356,232.9476,8.9150,242.3083,50.7379,58.7481,85.4959,5607.3901
2025-10-20,52.5732,35.5630,191.3097,1464.0000,154.1845,200.0043,335.6541,893.1603,41.9805,27.3516,16.4402,76.7349,75.0805,67.1102,36.9085,219.9666,117.9432,38.2708,29.0675,306.6526,8.1257,14.1471,16.5068,33.8396,19.5960,5.1062,47.1289,319.6217,50.2985,518.4435,13.3894,4.7719,387.7329,58.4392,336.1722,83.8590,2195.8730,299.7322,8.2325,81.9956,234.6180,87.7476,238.1373,9.1170,244.4252,50.5358,60.4173,85.8897,5680.9302
2025-10-21,52.2390,35.6308,191.1625,1480.4000,154.0065,203.5881,337.1837,884.0201,41.4052,27.2768,16.2215,76.9997,75.3897,65.9739,37.1067,220.9494,117.3605,38.0119,29.0287,309.2903,8.1419,14.1700,16.4971,34.9709,19.5057,5.1268,47.3511,319.1292,50.6162,522.4521,13.4629,4.7426,390.3318,58.4890,340.6216,83.5220,2227.5540,304.6767,8.1593,81.7210,236.3880,87.9029,236.8643,9.5500,245.9021,50.6802,60.1312,85.5897,5686.8301
2025-10-22,52.6519,36.0179,185.7147,1492.2000,153.4369,202.0663,336.2278,864.4481,41.3380,27.4414,16.1597,76.0920,76.0081,66.4013,37.1161,220.0648,118.6716,37.8489,29.0868,304.2104,8.0620,14.3849,16.3714,33.9488,19.5675,5.0941,46.9549,312.5299,49.4856,524.5518,13.4950,4.6368,364.1953,57.9408,336.1722,84.4767,2177.0625,300.7211,8.1827,82.1282,232.8972,86.9909,236.9623,9.3520,242.7514,51.0460,58.7385,83.7148,5639.2100
2025-10-23,51.9638,35.6114,186.3528,1494.2000,153.8641,203.4899,334.7937,881.9338,41.9134,27.5012,16.1217,75.9974,75.6023,66.7412,37.1633,222.5220,119.3028,37.5516,28.3895,304.8942,8.1010,14.8223,16.4778,33.1648,19.5770,5.0950,47.1385,339.7643,49.7098,521.6885,13.4767,5.1393,368.0201,58.7083,343.7856,83.0354,2172.1125,304.3800,8.1876,82.0240,237.9613,86.6804,234.6612,9.2290,245.2621,52.0759,59.4921,83.7710,5668.3301
2025-10-24,51.8655,35.6598,183.9479,1512.6000,153.5259,204.6682,337.2793,888.5903,41.9230,27.6956,16.0647,76.7349,75.1578,66.5081,37.1727,224.7826,116.9235,37.5900,28.0892,306.1642,8.0687,15.0601,16.5648,33.2392,19.6436,5.1062,48.0276,326.6642,50.2238,524.7426,13.3665,5.2255,367.4807,59.2864,349.9157,82.5487,2172.1125,301.1167,8.1652,84.0886,229.4556,87.6894,238.5290,9.4450,249.7420,51.8930,58.5001,84.8585,5674.5000
2025-10-27,51.9638,35.5049,183.8988,1505.4000,153.4013,204.8154,340.6253,902.2013,41.6161,27.5311,16.3498,77.0753,75.4090,67.1976,37.3708,223.2100,116.5351,38.0886,28.0892,309.1926,8.1333,15.1609,16.5503,34.0282,19.8243,5.1988,48.5301,322.9705,50.4480,526.8424,13.4996,5.3753,368.4124,60.9909,347.4439,81.1261,2184.9829,300.2267,8.3017,83.4636,231.6189,87.4760,241.6623,9.4430,254.7634,51.7583,59.8450,85.6459,5711.0601
2025-10-28,52.2390,35.2048,181.0032,1448.8000,154.7363,203.9809,341.6770,903.0970,41.2421,27.3666,16.3403,76.8106,75.4284,64.8182,37.4557,219.4751,114.0102,38.6064,28.0989,310.1696,8.2369,15.1076,17.1160,34.0083,19.8196,5.2446,47.9792,322.9705,51.0647,523.5974,13.4950,6.4964,363.3126,60.7417,339.5339,81.5753,2179.0427,301.9077,8.3954,82.6302,230.1931,86.3117,241.1238,9.5970,252.1050,51.4791,60.2456,85.7209,5704.3501
2025-10-29,52.0817,34.8757,162.2059,1521.6000,150.9627,204.6191,338.7133,915.0401,41.9230,27.4813,16.7111,77.6237,74.4234,65.0124,37.0123,216.3299,112.7963,38.1557,27.2562,310.9511,8.2797,15.1799,17.0483,34.1125,19.9195,5.3026,47.5637,321.0006,53.2979,521.3068,13.6006,6.2147,361.2040,61.2600,332.2173,80.2463,2160.2322,300.2267,8.7592,83.2647,220.5567,85.4191,240.6342,9.7070,253.4342,52.1144,60.7321,86.2459,5705.8101
2025-10-30,50.9807,34.7209,164.3654,1516.4000,151.7815,208.8411,340.4342,933.0542,41.2517,26.7932,16.4259,76.9429,74.6553,64.5560,37.1161,216.6248,113.0390,38.0790,26.5879,312.1234,8.3615,15.1400,16.9806,34.1621,21.0467,5.3315,47.0623,308.3438,52.7279,522.0703,13.7476,6.0846,360.2723,61.0000,337.8531,79.7409,2156.2720,302.0067,8.6456,83.4067,222.0808,84.6041,241.8582,8.8450,245.1636,51.6331,60.2361,84.5960,5699.1802
2025-10-31,52.0031,34.3724,160.7826,1488.6000,149.4497,209.5284,332.8817,913.7462,41.0312,26.8730,16.5732,76.3189,74.0949,65.1290,35.5028,215.7402,112.5535,38.1653,26.0455,309.9742,8.3387,15.1628,16.9855,34.0579,20.6614,5.2128,47.0918,302.1877,52.5224,511.9534,13.6052,5.7772,355.6629,59.9300,342.5990,79.5163,2127.5615,304.4789,8.7207,82.9616,220.7042,81.5576,240.4384,8.7780,242.3083,51.9315,61.0755,84.5772,5662.0400
2025-11-03,52.1604,34.2079,159.1630,1437.0000,149.3073,210.2647,337.4706,922.1064,41.1654,26.3944,16.4449,77.0942,74.1335,64.0995,35.6349,215.5436,112.1165,38.1653,25.8130,309.6811,8.3786,15.1704,16.9565,34.3457,20.8422,5.1857,46.6691,300.0208,53.5502,511.1898,13.6557,6.0610,354.8783,60.0500,335.8756,78.9173,2094.8906,306.8522,8.7414,82.3366,225.0307,80.7620,242.0540,8.8550,240.5853,51.7775,61.3139,86.5271,5679.2500
2025-11-04,53.1827,34.5273,154.8441,1411.6000,150.3219,208.9883,338.2353,913.6467,40.1298,26.6786,16.6730,75.9218,74.5587,64.0995,35.7292,215.1505,112.8448,37.5037,25.7839,309.0949,8.5145,15.1305,17.2079,33.9289,20.9563,5.2109,46.5806,298.1494,52.5504,512.5260,13.5364,5.8639,357.0359,59.7500,346.7518,78.1685,2063.2100,306.2589,8.7009,81.7399,222.2775,79.2484,239.1165,8.6420,235.5638,51.5946,61.2949,85.4772,5660.2002
2025-11-05,53.5170,34.7789,156.3165,1407.2000,150.3219,208.4974,340.6253,902.3008,41.2517,26.3495,17.0797,81.1219,74.5007,64.0801,35.9556,216.1333,113.7674,38.2420,25.7743,308.9973,8.4946,15.1856,17.1934,33.9885,21.0752,5.2418,47.1311,298.2971,54.4098,519.0161,13.1047,5.8442,355.5158,59.7800,350.6078,79.4414,2077.0703,303.4900,8.7711,80.7171,224.1458,80.1992,239.8998,8.8100,238.5176,51.6716,61.4284,87.5583,5669.1299
2025-11-06,53.5366,35.0113,156.4146,1369.2000,149.6989,204.8645,337.7573,891.0543,41.1367,26.4343,17.3653,79.7037,74.7906,63.4585,35.6443,207.1892,113.0876,41.5408,25.5224,305.4804,8.4527,15.1666,17.1837,33.6610,21.1180,5.2128,46.8952,287.0193,54.3725,514.2440,13.3205,5.8580,347.4247,60.2900,348.0371,76.8208,2022.6189,299.4355,8.8363,81.0770,214.3126,78.4140,236.5706,8.7380,231.5270,51.2481,60.5699,87.0146,5611.1802
2025-11-07,53.5366,34.8273,154.6478,1337.2000,150.6957,204.2754,336.5145,866.6705,40.7723,25.9806,16.9151,81.4434,75.5636,63.6042,35.3895,205.6166,112.2621,41.5408,25.8227,301.2796,8.4261,15.1514,17.0580,32.4751,20.9706,5.2091,46.7379,295.3914,54.5313,508.7083,13.2333,5.7654,347.6209,58.9500,347.9382,77.1390,2037.4692,297.7545,8.7434,80.9160,212.0510,77.4050,232.3601,8.7100,227.2933,51.5754,60.0835,88.3270,5566.5298
2025-11-10,53.5956,34.8177,154.7950,1354.0000,151.0695,207.2701,341.1034,882.4952,41.2517,26.4243,17.6268,82.1809,75.5443,65.0707,35.7952,204.9286,113.5732,42.1928,25.8517,304.6011,8.4632,15.3587,17.0435,33.0904,21.5937,5.3942,47.5735,305.7829,54.6154,519.5888,13.4353,5.7694,347.1305,61.7000,352.7831,78.2247,2065.1899,305.5667,9.0645,82.2135,212.6410,78.4528,240.5852,8.9160,229.8532,52.0182,62.5730,89.7145,5664.4600
2025-11-11,54.8932,35.0500,159.3103,1467.2000,152.7249,207.1719,343.2066,882.6942,41.7791,27.3516,17.9560,82.5591,76.3174,65.6049,36.0311,207.2875,114.9813,42.5764,26.2198,308.1180,8.5126,15.6573,17.1402,33.6213,21.6412,5.4662,48.9893,311.8896,54.9144,520.5432,13.6925,5.8245,349.8275,61.4800,360.0009,78.9547,2141.4219,305.4678,9.1979,84.3349,213.4277,80.2769,242.2498,9.2840,231.4778,53.2695,63.5651,91.5331,5725.7002
2025-11-12,55.1881,35.0016,161.7642,1458.2000,153.3479,208.1538,345.1186,887.5710,41.9421,28.9770,18.3045,84.2042,76.6652,67.2948,36.3613,205.7149,116.4380,43.3244,26.4523,313.2957,8.4965,15.6250,17.3046,35.9484,21.8220,5.5531,49.0187,309.4272,55.5405,523.0247,13.8853,5.9034,350.0237,61.7200,364.6480,78.2434,2178.0527,306.7533,9.4499,85.3577,214.7551,80.7038,245.1874,9.2250,235.4161,53.2310,64.9195,92.4331,5787.3101
2025-11-13,54.7753,35.2339,160.3900,1416.2000,154.1489,206.4355,347.4130,877.3198,42.2969,29.8495,18.2803,83.9584,76.9165,67.5861,36.7481,204.9286,117.1178,43.3244,26.4135,312.5141,8.5136,15.6516,17.3819,35.6110,21.6555,5.5905,48.1044,316.5190,55.8675,530.6601,13.9083,5.8896,352.1813,62.1800,357.4302,76.9144,2142.4119,303.4900,9.4360,85.6513,214.4601,81.4799,222.2745,9.2440,231.0347,54.0877,64.3663,92.7893,5742.7900
2025-11-14,53.7922,35.0113,158.6722,1408.4000,152.2621,202.7535,351.4283,869.9549,41.6832,28.3238,17.8010,83.9016,75.8922,66.8480,36.3142,202.5697,116.0495,42.1641,26.3845,311.5372,8.5354,15.6668,17.4400,35.0255,21.2940,5.4175,47.9078,315.7803,55.6526,521.8794,13.6512,5.7438,352.0832,60.7400,355.9471,76.5026,2134.4915,301.0178,9.1801,84.8463,207.5770,80.1410,225.5548,9.0040,232.0193,54.1262,61.5047,91.5519,5693.7700
2025-11-17,53.0058,34.7886,157.0526,1369.0000,150.9449,203.5390,346.2658,872.2440,40.8202,27.8652,17.5348,82.2565,75.6216,66.3333,36.0783,200.1126,115.0784,41.2243,26.3845,308.3134,8.6333,15.7239,17.5463,34.1175,21.0134,5.3540,46.2562,308.7378,54.6808,515.9619,13.5042,5.6925,347.7190,59.6400,349.7180,76.1469,2103.8008,302.5011,8.9914,85.1304,203.5454,79.5589,218.3578,8.7840,228.4255,54.4150,61.0564,90.3332,5640.9399
2025-11-18,51.8721,34.3530,151.0650,1316.2000,147.6875,200.4462,343.7802,861.4951,40.1778,27.2918,17.0410,80.0441,75.1192,64.7696,35.7198,205.7149,113.3304,40.3613,26.0648,304.2104,8.5602,15.5299,17.4013,32.7331,20.3380,5.1960,45.8039,305.1426,52.8214,510.0445,13.2700,5.5605,344.9729,58.7700,338.3475,73.4140,2059.2498,295.8755,8.6683,82.9427,201.9229,77.5408,213.6087,8.3940,223.0595,53.3947,59.8832,88.7770,5534.7100
2025-11-19,52.1482,33.6948,150.0834,1324.0000,147.2959,199.5625,343.4934,882.3956,41.3284,26.9428,17.1959,80.5546,75.0419,65.1387,35.6632,206.3046,114.4472,40.9942,26.3070,301.5727,8.3006,15.4234,17.3094,32.5247,20.4331,5.2287,46.5314,292.2888,53.2232,507.1813,13.2425,5.1723,343.8941,57.9200,334.6891,73.2643,2088.9504,295.4800,8.8135,81.3895,202.0704,78.8215,214.0494,8.4530,223.6995,53.3273,59.1010,88.8520,5542.0498
2025-11-20,52.0890,33.7723,149.4454,1311.0000,147.4739,200.6916,346.7438,885.5804,41.0120,26.9079,17.3895,79.8172,74.5394,68.0037,35.6443,204.8303,113.4275,40.7736,26.2295,304.0150,8.3548,15.4976,17.4351,32.6587,20.4902,5.2782,46.6789,290.1712,52.8961,506.7995,13.4721,5.1231,345.3652,57.4500,333.7993,73.7697,2086.9705,296.9633,8.8155,80.8024,203.1521,77.9483,216.4973,8.1960,224.8810,53.5872,59.9404,87.8958,5569.9199
2025-11-21,53.6268,34.1885,148.8074,1301.0000,147.6875,199.0716,347.1262,830.0450,41.9901,27.5062,17.1426,80.4412,75.8149,68.4408,35.9839,215.1505,115.7582,41.2339,26.7525,298.9351,8.3501,15.3074,17.3433,31.4530,20.4664,5.2530,45.7548,291.7471,53.2792,508.1357,13.4904,5.0541,354.5351,56.6200,333.4037,76.0159,2102.8110,286.1844,8.6999,81.7494,201.5788,78.8797,214.5879,8.4530,218.8750,53.8760,59.9499,88.7958,5515.0898
2025-11-24,53.0945,34.1014,149.5436,1317.0000,146.3347,196.4206,346.9350,854.7274,42.5079,30.5076,17.4089,82.2943,74.5394,68.3922,36.0783,212.3002,115.9524,42.0202,26.3457,296.6882,8.4223,15.1856,17.4061,32.6140,20.5901,5.2646,45.9416,291.2054,53.7184,507.5630,13.6787,5.1191,358.2618,55.3300,332.9094,75.5436,2088.9504,279.3611,8.7226,81.3990,204.0370,79.1514,218.3578,8.7400,219.3673,53.7990,59.9677,89.5832,5528.6699
2025-11-25,53.7254,34.3337,151.3595,1326.0000,146.3347,198.0897,350.8546,856.2203,42.8723,30.7419,17.7042,82.8616,74.5780,69.7033,36.1349,217.3128,117.5062,42.2312,26.7525,301.5727,8.3434,15.1566,17.4400,33.2938,21.0229,5.3265,46.7379,293.8648,54.4005,515.5802,13.8119,5.1507,360.1252,55.3100,330.0420,75.7750,2104.7908,283.1189,8.9282,81.8157,201.4313,82.4696,222.2745,9.0470,220.3026,54.0685,61.6367,91.1207,5573.9102
2025-11-26,52.6608,34.4111,155.9238,1340.2000,146.8509,201.1335,356.9731,904.9880,42.7860,30.2733,18.0092,82.6347,74.8872,70.2569,36.5500,217.7059,118.5259,42.2312,26.7816,305.8712,8.3938,15.4524,17.6672,34.5243,21.3035,5.3990,47.2393,294.3573,53.7277,518.2526,13.9909,5.1467,366.6961,55.4000,329.0533,73.4811,2129.5415,285.8878,9.1030,81.6642,203.2504,83.5368,223.3516,8.9490,223.7979,54.5402,62.3004,90.9894,5655.5801
2025-11-27,52.9565,34.5273,156.6600,1345.8000,146.4415,200.4462,355.4435,892.9454,42.7860,30.5325,17.9366,83.1074,74.7906,71.2767,36.7293,221.6374,118.7687,43.1518,26.6654,305.8712,8.4603,15.3982,17.6140,35.4373,21.3892,5.3913,47.2393,291.7471,54.3164,519.2070,14.0369,5.1763,365.4212,53.7800,333.8981,74.9461,2091.9204,285.7889,9.1307,81.3422,203.5454,83.2652,222.8131,9.0140,224.6841,54.3380,62.5835,91.1019,5653.1699
2025-11-28,52.2664,34.5079,157.4453,1340.6000,146.9577,200.7407,355.9214,899.1160,43.0545,30.3979,17.9753,83.2398,74.4041,71.5681,36.7010,226.5518,118.7201,42.9887,26.8881,301.5727,8.4679,15.5935,17.5850,36.0526,21.2607,5.4009,47.4359,288.3982,54.3444,519.2070,13.9955,5.1645,368.3634,54.2600,333.9970,74.7726,2079.0500,287.0744,9.1327,81.2191,205.0695,83.3816,223.5475,9.1930,227.4409,54.6749,62.5542,92.2269,5668.1699
2025-12-01,52.9368,34.7015,158.1814,1347.4000,147.6697,189.0861,353.4359,922.3055,42.9010,30.3829,18.1641,84.5067,74.7906,71.3253,36.4368,219.7700,119.0115,43.5929,26.7525,299.9120,8.4689,15.6379,17.3529,35.1297,21.4082,5.3903,48.4584,294.9975,55.1947,515.5802,14.1149,5.1999,370.6681,53.8300,331.7229,75.8135,2125.5813,282.9211,9.1841,82.0051,205.4137,82.8577,221.4912,9.2250,226.4071,54.5883,63.2765,93.3143,5667.4800
2025-12-02,52.3059,34.6434,157.5434,1352.0000,146.2101,187.0438,355.4435,934.6466,43.3038,34.0524,18.2174,84.6769,74.1142,72.9180,36.4085,221.0477,118.3317,43.1709,26.6557,300.3027,8.5107,15.6476,17.4931,35.5068,21.7744,5.4154,48.2421,290.0726,55.3442,513.6713,14.2343,5.2334,364.5876,52.2500,327.5702,74.3871,2096.8708,286.9756,9.3184,81.5884,204.3812,82.1591,222.5683,9.1290,226.7025,54.4054,63.8035,94.8705,5686.1699
2025-12-03,52.2862,34.1982,156.8072,1363.8000,145.7473,194.5256,349.1338,958.8315,42.4024,34.1521,18.0915,84.3176,74.0369,72.1119,36.0311,220.1631,115.9524,43.1422,26.3457,301.6704,8.4062,15.8061,17.4158,36.4644,21.4367,5.3971,52.5187,289.4817,53.8679,508.1357,14.2343,5.1979,362.1357,51.8300,336.2711,74.8304,2083.0103,293.4034,9.2048,81.1054,203.0537,81.3053,223.9881,9.8320,225.9641,54.9059,63.8523,96.4173,5694.5601
2025-12-04,51.7933,33.5787,158.6722,1330.6000,145.2489,193.4455,350.6634,952.7604,41.0120,33.4791,18.4885,88.0996,73.5538,73.5105,36.3802,216.7231,116.0495,43.6408,26.5298,296.1997,8.3862,15.8042,17.3336,36.2213,21.6032,5.4319,53.9147,290.9099,56.4562,510.2354,14.1516,5.2314,361.6944,51.9500,334.6891,73.9244,2099.8408,290.7333,9.3688,80.0921,206.6428,81.8292,225.4079,10.1840,233.8900,55.0407,64.1354,98.8547,5718.0801
2025-12-05,51.9707,33.8884,161.2734,1349.4000,145.1243,193.1313,350.5678,947.0873,41.9325,33.2098,18.2755,91.2007,73.6117,73.2191,36.3708,218.4922,117.1178,43.7079,26.6944,295.6136,8.3396,15.5645,17.3771,37.2186,21.5366,5.4270,53.9344,291.0576,57.5588,507.3721,14.1516,5.1487,365.5683,52.1200,336.5677,74.0979,2143.4016,289.6455,9.3471,80.4993,209.6911,84.1578,228.5902,10.4140,231.8716,54.2899,63.4912,100.2140,5723.9302
2025-12-08,51.0244,33.6948,157.3962,1334.0000,143.7537,194.4863,353.3403,958.6324,41.5298,34.7704,18.3578,91.8436,73.5151,74.2194,36.6255,219.9666,117.4577,44.0627,26.2392,296.1997,8.3292,15.5316,17.3578,37.3228,21.8362,5.4367,52.9906,287.5117,57.4653,509.8536,14.2022,5.1999,358.3109,51.3400,324.8017,72.4980,2110.7310,291.7222,9.3767,79.1734,206.5937,82.2561,229.4715,10.2800,233.9393,54.2129,63.6083,99.6984,5725.5898
2025-12-09,51.2412,33.7142,156.9545,1318.6000,141.0836,191.8942,363.9519,948.3812,41.4723,36.2063,18.3336,92.1084,73.1093,75.3072,36.8236,220.1631,116.8750,44.0148,26.0067,279.6899,8.2902,15.5703,17.2804,37.2186,21.9599,5.4831,53.3838,282.1929,57.0729,516.1528,14.2205,5.2748,361.1060,51.5700,321.1433,71.0330,2097.8606,291.5244,9.4103,78.8230,206.4953,81.7904,229.1778,10.0980,230.6409,54.3958,64.1647,100.1671,5718.3198
2025-12-10,52.2467,33.2786,158.4268,1333.8000,141.2973,190.4607,362.4223,941.5139,41.3668,36.5104,18.3771,90.4443,72.5875,74.7925,37.0218,215.7402,113.2333,43.8901,26.0164,278.4199,8.2522,15.4794,17.2272,36.4297,21.8743,5.4473,53.7771,284.4583,56.7552,521.8794,14.2894,5.2275,363.6559,52.0000,307.0043,70.6668,2107.7610,290.7333,9.4864,78.3021,207.4295,81.0142,226.7788,10.1700,229.9024,53.7316,65.1602,100.1202,5708.1201
2025-12-11,53.3508,33.7239,161.2243,1331.0000,141.0303,189.7734,367.1068,936.4382,42.7284,36.2262,18.8080,90.2931,73.2059,76.4047,37.6539,211.4156,116.3409,45.0696,26.0745,278.3222,8.2845,15.3731,17.1257,36.2907,22.3499,5.5344,54.1507,287.4625,57.1383,533.3325,14.4088,5.3260,364.7837,53.0500,310.8604,72.7293,2109.7410,288.0633,9.6613,79.2113,205.8070,84.5459,233.8778,10.0200,235.4654,53.7508,66.7219,100.4483,5753.9600
2025-12-12,53.3705,33.4722,164.4145,1333.8000,141.1549,190.5000,363.6651,920.9121,42.9969,36.3957,18.5950,90.8982,73.5344,75.8414,38.0973,210.9241,115.8553,45.0504,25.9680,275.5869,8.2892,15.4060,17.2901,36.0129,22.0693,5.4812,54.8192,291.7471,57.6429,532.5689,14.1654,5.1920,362.9203,53.2500,309.6740,73.4425,2112.7109,288.0633,9.5170,78.9082,204.7254,83.7309,232.1153,10.0400,231.7731,53.5102,65.8630,101.8077,5720.7100
2025-12-15,54.1986,33.5884,163.1875,1352.0000,142.0271,192.5619,366.4375,926.5850,42.4312,35.8971,18.9387,89.9905,74.4428,76.8028,38.4370,212.6933,116.6808,45.0504,25.7258,275.9776,8.4261,15.3480,17.5125,35.5812,22.1882,5.5972,53.6788,299.4791,56.9514,530.4692,14.1608,5.1999,366.0096,52.9000,310.4649,73.5196,2130.5315,289.7444,9.7552,76.3323,206.1512,85.0504,234.1716,10.1120,238.9607,53.4236,67.3758,100.6827,5752.5200
2025-12-16,54.0803,33.5593,165.4451,1350.4000,141.8669,189.4592,366.4375,904.2913,42.6901,34.9548,18.6918,89.1207,74.3848,76.5892,38.2577,213.6762,116.9721,44.8011,25.9002,271.7769,8.3444,15.0792,17.3819,35.7251,22.2405,5.5914,53.6394,305.2411,56.5590,532.3781,14.2251,5.1999,366.5000,52.4600,310.9593,74.1172,2137.4617,290.4367,9.6998,76.6543,203.2012,86.5057,232.5559,10.1100,235.5638,52.4610,67.8346,100.0265,5717.8301
2025-12-17,54.7901,33.5593,161.9605,1329.6000,141.8134,186.9456,368.6364,869.8553,42.4983,35.0047,18.5805,88.3832,74.8486,77.7741,38.6728,213.3813,116.2923,44.8011,26.2682,267.3808,8.1951,15.1160,17.3529,34.8270,22.2881,5.6369,53.8754,308.2945,56.1385,524.3609,14.2343,5.2354,368.4615,51.4800,307.8942,73.9244,2094.8906,290.4367,9.7532,77.7718,203.5946,84.1384,227.8069,10.0260,227.4409,53.0674,68.8106,98.1985,5681.6699
2025-12-18,54.5535,33.7819,163.9728,1370.2000,142.1339,190.5196,368.9232,888.4667,42.2298,35.1991,18.9436,87.9861,75.6216,77.9294,38.5219,217.0179,116.7779,44.8011,26.4813,269.9208,8.1961,15.1972,17.3529,35.2190,22.6163,5.6891,55.2518,305.6351,55.7647,525.5062,14.3950,5.3497,368.6576,52.3200,313.8267,74.0787,2122.6113,298.0511,9.8757,77.7528,205.9545,85.2638,230.8913,10.0020,230.5424,53.3562,69.2010,97.9641,5741.7100
2025-12-19,54.6915,33.6851,162.0587,1377.4000,141.9559,192.2869,372.3648,897.3245,41.9613,35.7775,19.1469,88.5156,75.1385,78.2791,38.8710,216.3299,116.3409,44.7627,26.5201,268.4554,8.3063,15.3673,17.6092,35.5366,22.7637,5.7181,54.7012,298.0016,55.9142,530.4692,14.5328,5.3773,363.8520,53.5400,319.1658,73.4425,2081.0303,302.8966,9.8510,78.0180,205.3154,83.5174,231.0872,9.9050,232.2162,53.7220,68.7716,97.5422,5760.3501
2025-12-22,53.3508,33.5884,163.7274,1374.6000,142.4009,192.1691,373.2252,891.7510,41.9325,35.3537,19.1517,87.7970,74.3848,77.9392,38.7766,218.0991,116.4380,44.6669,26.5394,266.3062,8.2731,15.5161,17.4786,36.3900,22.7542,5.6871,55.2124,300.5626,55.5405,535.0504,14.5465,5.4206,359.3897,52.8500,316.2985,71.3221,2085.9805,298.8422,9.8204,77.2604,205.0695,83.4010,231.7236,9.4460,232.9054,53.8471,68.1664,97.6360,5743.6899
2025-12-23,53.4888,33.4141,161.3716,1363.2000,142.2585,193.1510,373.7988,898.9169,41.8462,35.8373,19.1420,87.6079,73.9016,78.2888,38.7860,219.9666,116.3409,44.6764,26.6169,263.8639,8.3358,15.4272,17.6285,36.4396,22.7590,5.6765,55.1731,294.9482,55.4097,536.7684,14.6659,5.4364,355.5648,52.7200,316.2985,70.2620,2061.2297,297.0622,9.8826,77.8665,204.2337,83.5951,232.8497,9.4050,232.3147,53.7605,68.2640,97.2610,5749.2798
2025-12-24,53.6071,33.4625,161.3716,1368.0000,142.4187,192.4048,373.7988,894.7368,41.8462,35.8373,19.1227,87.6079,74.2881,78.2014,38.8143,219.9666,116.1952,44.6764,26.6169,263.8639,8.3358,15.4272,17.6866,36.4396,22.7685,5.6765,55.1338,299.0358,55.4097,536.7684,14.6659,5.4364,356.7907,52.3800,316.2985,70.5125,2074.1001,295.9744,9.8698,77.2888,204.2337,83.4204,232.8497,9.4050,231.6255,53.5294,68.2640,97.2610,5749.2798
2025-12-29,54.1000,33.5884,165.1507,1374.8000,142.8103,192.4440,371.6956,902.4999,42.3928,36.3110,19.1614,88.4399,74.1529,77.9100,38.5502,220.3597,116.4380,44.7436,26.8300,264.9385,8.3786,15.4427,17.7252,36.4595,22.6210,5.6446,55.2714,294.5050,55.8582,535.2413,14.6016,5.4955,358.2618,52.6400,315.3098,70.1270,2080.0403,291.0300,9.8471,77.8854,204.9712,83.8279,232.1153,9.4150,232.6593,53.8567,67.6686,96.6048,5751.7100
2025-12-30,54.1394,33.8207,165.9359,1380.2000,142.9527,195.3307,373.3208,914.0449,42.6038,36.9043,19.4422,88.0617,74.4234,78.7647,38.8143,219.8683,116.9721,44.8107,26.7913,264.5478,8.4385,15.6012,17.8461,37.4419,22.8541,5.7248,55.6647,295.9825,56.1291,536.5775,14.7715,5.4896,359.8801,52.8400,315.1120,70.4162,2100.8308,294.0956,10.0052,78.6052,204.8729,84.2742,234.1716,9.4610,232.3147,54.2899,69.2205,97.0735,5796.2202
2025-12-31,54.1197,33.7529,165.9359,1375.0000,142.6323,194.8005,373.3208,917.0306,42.6038,36.9043,19.4132,88.0617,74.1915,78.4636,38.6445,219.8683,116.5836,44.8107,26.7913,263.6685,8.4385,15.6012,17.8558,37.4419,22.8398,5.7248,55.3894,296.4749,56.1291,536.5775,14.7715,5.4896,359.5368,52.8500,315.1120,70.4547,2100.8308,294.0956,9.9498,78.3400,204.8729,84.3712,234.1716,9.4610,231.2808,54.3290,69.2205,97.0735,5796.2202
2026-01-02,53.6268,33.7529,164.3163,1397.2000,141.5109,200.0043,370.6440,981.6228,42.9394,37.8914,19.7327,91.0684,73.4765,79.5611,38.6351,215.1505,117.6519,44.9833,26.9463,259.3701,8.5554,15.8158,18.0153,37.9728,23.2917,5.7587,55.3894,300.0208,57.8671,515.7711,15.0287,5.4423,357.6734,53.8000,312.7390,70.3391,2083.0103,303.7867,10.1296,77.9612,198.5797,84.4294,236.0810,9.7150,233.3977,54.8274,69.3377,99.7921,5796.2202
2026-01-05,53.2128,33.2496,166.7703,1443.8000,139.7308,204.2263,375.4240,1048.2054,42.0860,38.0909,19.9651,88.5156,71.8918,79.5125,38.5124,218.3940,117.7976,45.3861,26.6072,257.3186,8.6172,16.0459,18.0057,39.6052,23.5247,5.8399,55.2714,300.4148,56.4749,515.3893,15.0975,5.4817,356.3004,54.7200,317.7816,70.7824,2091.9204,309.3244,10.2028,76.8910,202.7587,82.7024,239.5081,9.6080,237.2376,54.5244,69.6890,96.8860,5923.6899
2026-01-06,54.1592,33.2012,160.7336,1465.4000,140.1581,205.6009,374.0856,1055.9686,42.9969,37.9313,19.7036,87.9672,72.5488,78.2499,38.2483,217.1162,116.9235,46.3354,26.5394,270.8000,8.7455,15.9067,18.1314,41.5056,23.5580,5.7809,56.0776,310.8062,57.4186,507.5630,15.0975,5.4817,361.5963,54.7100,314.6176,70.7053,2120.6313,309.2256,10.1870,77.9328,198.6780,80.8202,242.3967,9.4080,236.9422,53.7915,69.3279,96.6516,5931.7900
2026-01-07,53.6663,32.9108,157.9851,1460.0000,138.7874,209.8720,367.8716,1046.8123,42.3449,38.2305,19.2389,87.9861,72.4136,77.4050,38.0218,210.2361,120.6624,46.3066,26.4426,266.2085,8.8121,15.1662,18.3683,41.8133,22.9038,5.7113,56.2349,299.7253,56.4001,503.9362,14.8817,5.6827,349.1410,54.3400,314.0244,69.3752,2080.0403,319.0156,10.0091,78.3684,204.9220,81.5770,250.9156,9.2730,240.6837,52.2962,68.6642,95.8079,5923.5698
2026-01-08,55.0661,32.6591,162.3531,1437.6000,138.5916,211.2957,373.0340,1008.1963,42.4983,39.4220,19.4325,87.5512,73.6311,80.1244,38.1539,210.1378,120.1768,46.0861,27.4209,266.4039,8.8130,15.2049,18.3151,40.2503,23.0858,5.7480,55.8220,305.1426,56.0264,508.3265,14.9414,5.4915,355.9081,53.3200,317.7816,71.3029,2115.6812,316.0489,10.0901,78.5010,203.0537,80.1410,246.5583,9.4170,230.7885,52.1691,69.0448,95.4330,5904.3198
2026-01-09,55.7561,32.5236,163.5801,1451.6000,141.3329,211.1975,365.4815,1076.4709,43.0928,38.7689,19.8005,87.0028,74.2302,84.6890,37.7294,208.7618,117.5062,46.1053,27.5080,271.4838,8.7949,15.5297,18.2764,41.2327,23.3684,5.7326,55.5074,312.6284,56.4095,502.7909,15.0057,5.5172,378.4159,53.7800,322.0332,71.8426,2194.8831,313.7744,10.1296,79.9689,208.8061,82.0815,248.9083,9.3970,231.8224,53.8696,69.0156,97.3547,5997.4702
2026-01-12,56.2687,32.5817,162.5985,1428.8000,141.3507,212.2285,363.2827,1081.2482,42.9298,39.5965,20.0522,85.5468,74.7520,84.4754,37.5029,210.3344,118.5259,46.3929,27.7889,269.6277,8.8149,15.5432,18.0294,41.3468,23.5743,5.7925,56.2546,309.5258,55.8582,501.0729,15.0195,5.4994,384.8397,55.7700,319.5614,71.9583,2195.8730,315.4555,10.2146,78.0464,209.5436,84.2354,252.9719,8.9900,233.1516,54.0553,69.4548,96.0892,6016.2998
2026-01-13,56.5645,32.5526,159.7520,1397.8000,140.5853,216.2050,363.0915,1097.3713,42.7476,38.8337,20.3427,83.6369,74.9646,84.3977,36.7953,205.4201,113.1847,45.9039,27.1012,271.5815,8.7170,15.8777,17.8873,42.2102,23.9287,5.7916,56.1562,305.8174,55.9329,495.5373,15.1710,5.5093,383.8590,55.4700,307.4987,72.7486,2215.6736,322.1800,10.3589,76.2376,209.8877,81.1695,256.3011,8.6740,234.7762,55.2477,69.7378,95.7142,6029.8301
2026-01-14,58.1220,33.0850,157.1999,1382.2000,143.7893,211.5412,362.2311,1079.0585,43.9366,41.5509,20.3427,85.9060,73.7084,84.4948,36.8802,207.8772,113.3789,45.7504,27.2271,272.9492,8.8605,16.1618,17.9951,41.0839,23.9766,5.7751,55.3108,307.7952,56.7178,503.5544,15.2996,5.5546,383.9080,55.4800,304.3347,72.7486,2217.6536,316.6422,10.3648,78.1790,202.6604,81.9457,253.6573,8.7690,227.4409,55.7656,69.6890,97.2141,6005.0498
2026-01-15,58.4178,33.0560,159.3593,1413.6000,143.0595,210.9521,365.2903,1143.9495,44.3873,41.9747,20.2458,85.1686,73.9403,84.8638,37.1350,208.2704,112.8934,46.2395,26.9850,275.4892,8.8358,15.8951,17.9265,41.2873,23.9431,5.8051,54.7209,298.0545,55.4470,500.1185,15.4924,5.7398,379.6909,54.2200,302.9505,73.2498,2213.6934,315.2578,10.4142,77.3077,202.1688,82.4502,255.4199,8.6480,230.5916,55.4529,70.6260,96.4173,6041.1401
2026-01-16,58.2403,32.7656,156.9054,1392.2000,141.7066,213.4558,363.8564,1161.6649,42.7572,41.3964,20.2846,83.8827,72.8967,84.6987,37.0501,207.4841,114.0587,45.8559,26.2004,264.7431,8.9404,16.0188,18.2010,41.6098,23.9910,5.7432,54.9175,285.4955,54.9611,502.9818,15.4327,5.6236,377.4352,53.3800,296.7214,72.1703,2168.1523,317.1367,10.4103,76.5027,198.7763,81.4411,254.8324,8.3870,231.5270,55.5115,70.8895,95.0580,6029.4502
2026-01-19,57.8657,32.1848,148.7583,1371.0000,139.5172,206.5828,362.6135,1115.0870,42.2586,44.2731,20.2652,81.0085,71.5439,84.3491,37.1444,206.6978,112.7477,44.5326,26.7138,260.0540,8.8283,15.9183,18.2108,40.3247,23.6270,5.7036,55.0158,273.7770,53.7651,500.1185,15.1159,5.5566,373.6103,52.3300,289.2070,70.6860,2091.9204,313.8733,10.3688,74.8075,192.6896,79.9664,250.6708,8.2230,226.5548,54.8372,69.8061,92.4331,5925.8198
2026-01-20,57.6686,32.0009,150.1816,1381.4000,138.5560,204.1772,357.2599,1134.5939,41.8271,42.7924,20.1200,81.3867,71.1187,83.9315,36.6821,211.7104,111.4367,44.2641,25.9777,261.0309,8.7085,15.8293,18.0490,40.1659,23.3013,5.5643,54.5636,266.6569,53.1204,499.7367,15.0746,5.4640,376.9448,51.0700,286.4385,71.4571,2067.1699,312.7855,10.2047,73.8984,190.7623,78.8409,248.4187,8.0840,225.4718,55.6093,69.5133,91.2707,5892.0801
2026-01-21,57.8460,31.7686,149.6417,1408.2000,138.6094,203.6372,351.9062,1149.3239,43.4860,42.5630,20.1974,82.0107,65.1278,83.2905,35.8519,205.7149,111.4852,44.1107,25.4837,261.6170,8.6120,15.9608,17.9706,40.7663,23.1145,5.5885,54.5243,271.6509,53.9707,484.0842,15.1572,5.4108,377.9746,50.7200,283.1757,73.4233,2077.0703,312.0933,10.2008,74.2488,187.8517,79.2484,247.8312,8.2410,224.1425,56.4400,68.7032,92.6768,5882.8799
2026-01-22,58.4769,31.8751,149.6417,1431.0000,139.9088,202.9990,353.7227,1170.8214,44.6079,44.0388,20.6428,83.1263,65.9588,85.8059,36.1255,210.3344,114.1558,44.8299,26.0067,261.8124,8.8020,15.9183,18.0490,42.2598,23.4881,5.6514,54.3473,276.9415,54.9518,487.5201,15.5613,5.4758,379.7889,50.7000,285.2520,73.7509,2109.7410,302.6000,10.5051,75.5368,186.6718,82.2561,252.6292,8.3960,226.8994,55.9415,70.7334,98.7141,5956.1699
2026-01-23,58.0432,31.8751,141.1020,1396.8000,140.2827,203.0481,347.8910,1172.6128,44.2051,44.4277,20.4104,82.8427,65.2630,85.6020,35.5782,209.7447,114.1558,44.1107,26.2101,258.9794,8.7864,16.2334,17.9951,41.9720,23.1241,5.5972,54.0720,271.8981,54.4753,484.4659,15.2720,5.6176,378.8082,50.2400,281.0993,72.7871,2108.7510,306.9511,10.3530,75.1106,194.6169,80.7232,249.1041,8.2870,228.2778,56.6648,70.0404,98.9015,5948.2002
2026-01-26,58.1615,31.8654,144.2430,1393.6000,140.0513,198.7279,349.3250,1172.4137,44.4353,46.2325,20.6525,82.7103,63.7749,85.9904,35.7669,209.3515,113.7674,44.4175,26.0551,251.3594,8.8810,16.2160,18.2990,41.5354,23.3875,5.6717,53.4232,269.4753,54.1202,483.7024,15.4327,5.6965,377.4842,49.7500,281.4948,72.7100,2118.6514,304.2811,10.5269,75.6504,197.5964,81.3635,249.2510,8.1130,228.7209,57.5639,70.6065,97.6360,5957.7998
2026-01-27,57.9840,31.3620,144.3412,1334.8000,139.6774,195.7823,349.2294,1211.8258,44.2051,46.6015,20.9430,82.0674,63.9296,87.5541,35.6254,203.5526,115.3212,45.0984,26.1423,251.0664,9.0154,16.3842,18.3823,41.9968,23.8090,5.7577,53.5018,271.4531,53.1951,487.7110,15.6302,5.7950,372.6786,50.2400,278.5286,70.2812,2108.7510,305.8633,10.6593,75.5273,192.2766,82.1203,248.1249,8.1570,231.3301,57.9939,72.1096,95.9017,5994.5898
2026-01-28,57.8854,31.3814,141.8872,1283.0000,139.6418,191.5211,351.7150,1188.7361,44.0517,45.0609,20.3523,82.2565,64.2967,87.7872,35.9085,205.7149,116.2437,44.4943,26.3942,247.4518,8.9911,16.5060,18.4068,43.0884,23.7994,5.6755,53.2069,263.2452,53.6436,484.4659,15.3776,5.5782,373.1200,50.3400,277.5398,71.6691,2029.5491,298.4467,10.4715,73.4343,192.8666,82.2561,245.6770,8.1680,231.7239,58.6389,70.5284,96.4173,5933.2002
2026-01-29,58.7924,31.7976,140.8566,1270.6000,140.7811,190.4803,353.0534,1186.3473,44.0709,43.8892,20.3620,82.3700,63.8716,87.4473,35.9651,206.1081,116.6322,44.9545,26.6072,248.7218,9.0135,16.8114,18.5146,41.4808,23.5935,5.6465,53.1872,259.7841,53.5409,487.1383,14.9139,5.0797,380.6226,49.7700,279.9128,71.4378,2006.7786,295.2822,10.4992,72.9987,161.8727,80.9366,250.6219,8.1200,237.6807,59.4403,70.5089,97.0735,5891.9502
2026-01-30,59.2261,31.9041,146.4025,1253.4000,140.5674,189.8912,355.4435,1209.8353,44.0709,44.4327,20.7687,82.6536,63.6203,88.5738,36.2575,209.6464,117.6519,45.3765,27.2853,251.9456,9.0700,16.6510,18.5489,41.2923,23.7755,5.7683,54.0720,261.2180,53.9987,489.0472,14.9827,5.3438,379.5438,48.4550,277.6387,72.3631,2008.7585,297.6555,10.6513,75.0064,167.7135,80.7426,250.9646,8.2860,238.5668,59.7628,71.6899,96.2298,5947.8101
2026-02-02,60.2513,32.3687,147.3841,1265.6000,141.9025,190.2840,362.5179,1218.9919,44.7133,44.8764,21.2141,83.2020,66.6352,89.7199,36.7293,209.8430,118.2346,45.6162,27.8374,250.7733,9.0797,16.6452,18.5146,41.5602,24.2832,5.7809,54.5636,255.6801,54.5874,494.0102,15.4098,5.5320,381.2110,48.4450,281.7914,71.9004,2011.7286,298.8422,10.9162,76.1902,172.1778,81.9068,254.9303,8.4060,242.8006,59.2546,73.2906,96.3235,6007.5098
2026-02-03,61.4343,32.8333,146.2553,1176.8000,141.9380,186.7885,365.5771,1184.7550,45.4517,45.1407,21.3303,82.8616,67.9107,89.2731,37.0878,200.7023,119.0115,46.3642,27.9245,249.9918,9.1694,16.7457,18.6175,40.7613,25.0304,5.8708,53.8361,255.6801,54.6902,492.4831,15.5246,5.5637,379.0044,47.4300,279.2207,73.4425,1982.0280,300.2267,10.9537,76.7869,164.2130,83.6921,255.2730,8.3720,245.8036,60.0854,74.8718,95.8548,5995.3501
2026-02-04,62.6961,33.6367,149.1509,1171.0000,150.0371,184.8445,370.3572,1135.1910,47.7147,45.0210,21.2141,86.0762,69.4567,88.3116,37.8614,202.3732,120.6624,47.5149,29.4259,254.5833,9.2853,16.9815,18.7547,39.9972,24.9393,5.9250,55.6450,261.4157,56.9514,502.6000,15.4603,5.7063,391.7048,45.0950,286.1419,77.1243,2014.6987,297.3589,10.5723,77.5066,164.4096,84.7787,236.9623,8.6620,243.5883,61.1409,74.3838,99.3703,5970.4702
2026-02-05,63.1101,33.8110,149.0528,1144.2000,149.3429,186.0816,367.1068,1144.1484,47.0818,44.6870,19.3454,84.0907,69.3987,89.3314,37.2293,209.4498,118.5744,47.4382,29.6389,252.6294,9.2434,16.9061,18.7694,41.0888,24.0198,5.7045,55.7433,256.6196,55.1200,503.9362,15.1664,5.7460,387.0954,45.4550,282.1869,77.9339,2028.5591,299.1389,10.3411,76.7963,167.6349,84.2936,239.4102,8.1670,244.5236,60.5447,71.2604,95.7142,5925.7002
2026-02-06,63.3467,33.8400,150.0343,1134.8000,149.2895,187.8293,370.1660,1188.1389,46.1996,45.6691,19.5487,83.6180,66.8284,90.4968,37.4180,210.8259,130.3251,47.6587,29.3096,249.2103,9.2356,17.2425,18.9802,41.7140,24.2784,5.7683,56.1759,255.1857,54.9238,507.7539,15.3593,5.8292,386.4579,46.0000,277.8365,77.6062,2034.4993,304.5778,10.5328,76.1050,168.3625,85.7102,245.2853,6.1110,249.0035,61.1604,72.1682,94.4486,5998.3999
2026-02-09,62.7552,33.4238,150.7705,1186.8000,148.7911,189.6359,370.3572,1200.6959,46.6599,46.1478,19.9747,83.4289,67.4662,91.6720,37.3048,207.8772,129.2568,48.5026,29.5518,248.9172,9.2522,17.2735,19.1713,41.6694,24.6807,5.8486,56.4512,256.8174,54.4846,505.8451,15.4649,5.9104,380.4755,45.8900,278.4297,77.1628,2051.3296,310.9066,10.6948,76.0387,172.0008,85.5743,250.6219,6.1410,252.8927,61.2093,76.7555,94.5893,6059.0098
2026-02-10,62.5778,33.5980,153.0282,1236.4000,150.7313,188.1435,360.7971,1188.9362,48.8270,46.0381,19.9457,84.4122,67.6401,90.3512,36.2858,206.1081,129.1112,49.0396,29.2515,244.7164,9.3399,17.3450,19.2007,42.5377,24.7478,5.8476,55.9793,284.8032,54.5313,502.9818,15.4236,5.9184,383.8590,44.6000,306.8066,80.0543,2102.8110,304.5778,10.6434,77.8475,175.3047,85.3997,252.7271,6.3500,253.3850,61.0920,74.7156,98.0110,6047.0601
2026-02-11,63.9382,37.4796,150.9668,1156.2000,149.4319,183.8430,350.6634,1203.6858,49.4982,45.9932,19.5584,84.5824,66.6931,90.0306,35.6537,199.8177,129.6938,49.1738,29.4162,245.0095,9.5017,17.6562,19.6025,43.1778,24.2928,5.6939,56.0383,276.5954,54.1482,509.0901,15.3685,6.0154,384.3493,43.7100,319.1658,80.2278,2098.8508,301.5122,10.3253,78.1885,166.1796,86.0982,250.9156,6.4350,262.2463,62.7632,72.8026,97.0735,6035.6401
2026-02-12,67.5659,38.2346,150.7215,903.3000,150.3219,186.9653,350.8546,1175.7811,49.2489,45.5595,19.1663,82.9372,69.8432,88.9526,35.7764,204.9286,130.1308,46.7765,31.2081,255.2671,9.3389,17.4977,19.6123,42.4236,23.4785,5.6543,56.4905,278.0787,53.3633,517.1072,15.0838,5.7777,384.1042,42.7550,325.0983,82.2711,2152.3123,303.8855,10.1751,74.9117,166.8679,86.9132,251.6500,6.6540,261.3109,62.8414,72.3634,95.9017,6011.2900
2026-02-13,66.7181,38.5443,152.0957,897.2000,150.7669,188.9290,350.7590,1186.3450,48.9804,45.8536,18.5079,84.0529,69.8819,86.8257,35.3424,214.3642,131.3933,47.1601,31.2178,252.3363,9.0680,17.5770,19.6613,43.1778,22.8176,5.5083,56.0973,281.1938,53.8399,506.4177,14.8634,5.8133,365.1760,42.5050,318.6715,81.5771,2125.5813,329.1022,9.9143,73.5101,168.8542,88.1551,251.0500,6.6130,258.8494,62.9196,69.6207,96.6516,5985.2300
2026-02-16,66.2449,38.3217,151.2122,918.0000,150.6423,193.6223,352.9579,1190.9293,48.6736,45.8087,18.8903,84.6013,70.1524,88.2242,35.5971,211.5139,132.7043,46.9107,31.9345,240.0273,8.9453,17.5422,19.6711,42.8850,23.1816,5.4647,55.8416,267.8436,53.8679,506.6086,15.1481,5.9065,377.6313,42.5800,312.4424,81.8663,2064.0566,334.4422,10.1652,73.2733,165.5502,86.6028,234.9500,6.6430,253.0403,62.7046,70.0014,95.9017,5978.8799
2026-02-17,66.1069,38.3991,153.5680,956.9000,151.5323,192.9350,356.0171,1195.1150,48.5393,49.1741,18.9194,85.6224,69.9978,89.7102,36.5689,212.3985,133.3841,47.4382,32.3123,237.4873,8.9901,17.5209,19.6907,44.2396,23.4450,5.5344,56.0776,269.8708,54.9985,512.1442,15.1848,5.9600,382.9273,43.2550,314.7165,81.6928,2056.1179,337.1122,10.2897,73.9931,166.8089,86.6416,235.7500,6.5710,250.4312,63.1053,71.4069,97.4485,6021.8501
2026-02-18,66.5801,38.4185,154.1570,984.7000,149.2539,197.0097,356.1127,1240.5597,47.8585,45.6791,19.3647,86.7948,69.8432,91.5360,36.5595,213.2830,133.7726,47.6108,31.3534,230.6489,9.0534,17.7684,19.6515,45.7381,23.7515,5.6446,56.7854,273.2826,55.5031,507.5630,15.3822,6.2017,386.9483,44.1650,306.6089,78.7435,2053.1409,343.3422,10.5921,73.6048,170.4865,85.2056,244.8000,6.7030,257.1757,63.8578,72.8709,97.5891,6103.3701
2026-02-19,65.7126,38.7186,152.3901,997.7000,149.0937,183.7055,356.9731,1233.9821,46.6887,45.4448,19.1808,85.1686,71.6212,91.1378,36.9085,212.6933,135.4235,47.8697,31.6052,227.6205,8.7280,18.0158,19.1321,45.4850,23.5647,5.5576,56.9428,272.4420,54.8957,511.3807,15.1894,6.2909,387.3896,43.8200,307.5976,80.9024,2023.3708,338.2989,10.4577,74.8170,167.8905,84.9340,240.5500,6.4210,255.3541,65.0208,71.1043,96.1829,6059.6201
2026-02-20,65.9689,38.7670,155.7766,1001.6000,156.2494,186.2976,362.5179,1251.3229,46.8805,43.5552,19.2243,85.3955,71.1187,92.0022,37.5501,216.1333,136.0547,47.8984,31.6924,232.7004,8.8498,17.9578,19.3722,45.2000,24.0533,5.6765,56.6871,274.9142,55.3536,517.2982,15.4052,6.3642,393.4211,44.1400,305.7190,83.6975,2095.8113,342.5511,10.6276,75.3663,170.8995,87.5536,245.1500,6.5520,257.8648,63.9555,72.1584,96.0892,6131.3101
2026-02-23,66.7970,39.9285,155.6784,947.3000,155.5373,179.8174,362.1355,1244.9446,46.8613,42.6777,19.4228,82.9183,69.6113,93.0899,37.5690,215.9368,136.8316,47.4669,32.2057,230.5512,9.4520,18.0603,19.4555,45.8900,23.9814,5.6688,56.4709,283.3199,54.4753,518.0616,15.3822,6.3562,389.4492,44.1300,300.4786,80.7675,2089.8574,342.1555,10.7976,76.4838,165.0586,85.8654,240.6500,6.4720,255.7480,64.6397,71.9339,93.6518,6113.9199
2026-02-24,67.3293,40.0060,157.2489,932.5000,157.7980,179.5228,361.8487,1259.0963,46.8613,42.2190,19.1517,83.6558,69.6306,91.7594,37.7388,216.5265,137.6571,47.0929,32.2735,229.0859,9.5484,18.1241,19.6515,46.6800,23.6270,5.5701,56.5692,281.9354,55.0639,523.7882,15.2904,6.2651,395.3336,44.0000,312.9368,81.1723,2064.0566,336.8156,10.5249,76.3417,163.0723,85.2833,239.5000,6.5900,258.5048,65.2065,70.9774,95.2455,6116.6001
2026-02-25,66.2646,39.7833,155.5803,964.1000,158.6880,181.1330,364.7167,1284.0112,46.9188,42.4633,19.5197,83.3154,69.9785,93.5950,37.9369,214.8556,137.7542,47.4094,32.6028,231.6258,9.7394,18.2555,19.9456,47.0750,23.9240,5.6194,55.9006,284.6054,55.1200,527.4150,15.3409,6.3622,390.8222,43.9150,315.8041,74.7340,2046.1946,340.3755,11.0308,76.5122,163.9966,85.1862,244.1000,6.5020,260.8679,65.8418,72.3634,93.6893,6173.3198
2026-02-26,66.4618,39.6672,159.5066,992.3000,159.7560,183.3521,367.7760,1228.2020,47.6188,41.7254,19.4616,83.9962,70.2491,93.5270,38.5502,222.6203,138.2397,47.7738,31.8764,233.7750,9.9041,18.7118,19.6515,46.7700,23.9192,5.6900,56.4709,285.5449,55.1293,523.5974,15.2674,6.1740,389.7924,43.6200,316.0019,73.3269,2044.2098,342.7489,10.9656,76.5974,169.3458,84.2742,248.6500,6.7780,268.6954,66.0177,71.9925,95.1986,6161.5601
2026-02-27,67.8419,40.4319,155.2858,994.8000,158.6346,180.8974,365.3860,1229.1986,46.6983,41.8900,19.1227,84.5824,70.1911,92.7500,39.1163,228.4192,136.6859,48.0423,33.0193,220.0006,9.9333,18.9998,19.6515,45.8250,23.5935,5.6417,55.8613,282.7265,55.1293,530.2783,15.1067,6.4236,389.7434,43.5100,317.7816,75.4280,2033.2942,336.2222,10.6612,77.8475,168.1069,83.6727,247.4000,6.9410,272.4368,65.7538,70.6748,94.8705,6138.4102
2026-03-02,66.3238,39.9963,148.5620,965.7000,156.3562,177.0092,354.1050,1206.2769,45.3846,40.4940,18.3820,80.3655,68.8190,89.4285,38.2388,229.3038,134.4038,46.6710,32.1670,214.2368,9.7297,19.6900,19.4016,44.4150,22.8894,5.4193,53.1479,268.4864,52.9148,526.6515,14.7669,6.7664,373.6103,42.3300,304.8291,74.5798,1951.9227,332.3655,10.1455,77.1373,164.3113,80.3157,238.2000,6.4440,263.6247,67.7866,68.5178,90.6894,5986.9302
2026-03-03,64.6676,39.3090,144.3903,949.1000,154.5939,172.2374,339.7650,1157.8424,43.5627,38.2005,17.4912,78.0208,67.5821,85.7671,36.7576,234.1199,129.4025,44.8299,31.5955,209.4499,9.2288,19.3710,18.6861,41.6800,21.9123,5.1486,50.8277,251.4279,52.0832,500.6911,14.2986,6.6534,356.7417,40.9200,301.3685,72.2088,1882.9554,317.9278,9.4943,75.6315,162.7183,75.7556,226.4500,6.1940,249.6435,66.5552,65.3457,87.7271,5771.7300
2026-03-04,63.5636,40.0931,139.1879,957.6000,153.4013,173.9851,343.2066,1195.7130,44.2531,37.2931,18.2367,78.1342,68.5484,86.7480,36.5689,236.5771,130.2765,46.1436,31.9636,214.2368,9.3243,19.2937,18.9802,43.9450,22.3242,5.2424,52.3614,254.0484,52.8120,510.2354,14.7164,6.9665,367.0884,41.8350,309.2784,70.0114,1915.2064,323.3667,9.8629,75.0348,164.5866,74.8630,232.9000,6.4910,254.0742,65.3433,67.1416,88.5333,5870.9199
2026-03-05,63.0904,39.4639,142.4271,931.5000,151.5679,172.6891,337.6617,1181.9600,44.5216,37.6671,17.9608,76.9807,67.6787,84.5239,35.8990,237.6582,127.8973,44.0052,32.0217,210.9153,9.2201,19.5450,18.9164,42.3000,22.0752,5.1389,52.1254,255.0868,51.9991,507.7539,14.5282,6.5960,364.2934,41.8050,304.6313,71.2258,1884.9402,312.7855,9.5852,73.6142,168.1265,73.6599,224.8000,6.2920,248.9051,65.2554,65.3261,86.9959,5782.8901
2026-03-06,62.2426,39.5607,140.0713,930.4000,148.8979,172.3160,332.3081,1143.0928,43.4092,36.2860,17.7865,75.4491,67.8334,83.8635,35.7481,237.9531,125.2752,44.2737,31.8280,207.8869,9.1645,19.8398,18.8331,39.4200,21.7303,5.0316,51.0047,254.5429,51.1862,501.2638,14.3307,6.6416,363.7539,41.9800,298.2045,70.7053,1890.8942,314.1700,9.4676,72.3452,169.8572,71.8553,224.8000,6.1720,245.5082,66.4575,64.5356,84.3522,5719.8999
2026-03-09,61.6906,39.7543,137.1266,942.7000,147.1891,172.2374,329.0577,1143.6908,42.9490,37.4826,17.6413,74.4658,66.8671,82.8729,35.3612,238.1497,123.6729,43.6408,31.4793,203.4908,9.1499,20.2941,18.7400,38.9500,21.6010,5.0326,49.9429,251.9223,50.6910,499.5459,14.3124,6.6257,355.9081,42.5750,291.6788,69.7222,1889.4056,311.2033,9.3560,71.7959,169.0115,71.0791,221.1000,5.9870,241.3729,67.3273,63.5302,82.3273,5685.2002
2026-03-10,62.4201,39.9285,139.2370,935.0000,148.9513,174.6724,338.8089,1195.9124,43.9654,39.5118,18.4836,76.0164,66.9637,85.8253,36.0122,236.6754,126.4406,44.8491,31.7892,208.0822,9.3555,20.1733,19.0390,41.3150,22.4200,5.1853,51.5749,259.7346,51.4385,505.6541,14.6705,6.6515,356.0552,46.6500,297.1169,69.9342,1933.0684,317.4333,9.8925,72.2694,166.7696,71.9135,232.1500,6.0590,251.1204,67.1807,67.1611,84.6522,5837.1699
2026-03-11,61.7892,39.5704,137.4701,926.5000,148.7555,173.7102,336.4189,1194.7164,44.4065,39.9007,18.2513,76.4135,66.6738,86.8645,35.7764,232.3507,126.8776,44.3792,31.6633,205.1515,9.2142,20.5745,18.8282,41.5500,22.4344,5.1447,51.8502,256.8174,51.2890,502.4091,14.6430,6.7684,354.9273,45.9000,291.2834,69.0475,1905.7792,314.6645,9.7354,72.2126,162.6790,71.7000,228.2000,5.9740,252.1542,68.4121,65.9801,85.9834,5794.6802
2026-03-12,61.7300,40.2963,138.5989,917.3000,152.0307,168.9187,335.0805,1176.3790,46.4585,39.0182,17.6074,77.2266,67.8720,83.3293,35.9839,236.8719,126.1978,44.0531,31.7698,205.9330,9.2434,21.0384,19.1517,40.2700,21.9267,5.0422,51.6929,252.9112,51.6254,509.0901,14.4593,7.0715,352.3284,45.4300,289.3058,66.0019,1886.4286,304.6767,9.5319,72.4683,164.2326,70.0700,224.7000,5.9740,250.8250,68.8030,63.5107,86.6021,5748.8901
2026-03-13,62.8538,40.7610,136.3413,913.6000,152.0841,165.3251,338.5222,1175.5818,46.3626,38.5246,17.4380,76.8673,69.4954,82.4455,36.1349,238.8377,125.6151,43.1997,32.2832,199.9739,9.4617,21.6039,19.4114,39.8350,21.5483,4.9736,50.7491,245.9395,51.2516,513.0986,14.3675,7.1369,346.8363,46.6150,285.9442,66.0405,1858.6433,301.0178,9.4222,72.3452,163.6623,69.6625,220.3500,5.7130,244.1790,70.6892,61.9783,83.9023,5716.6099
2026-03-16,62.7552,40.8965,138.4517,894.2000,153.2589,166.8765,343.6846,1193.3212,46.3147,39.9755,17.5251,74.7683,70.3843,82.4358,36.2292,243.3589,125.5666,43.2668,31.9345,199.1923,9.4052,21.7827,19.3379,39.4350,21.5914,4.9455,50.5917,246.9284,50.2238,515.3893,14.5236,7.4183,345.2671,46.5650,285.3509,65.1537,1864.5973,303.2922,9.3955,72.4588,162.6987,69.2939,220.3000,5.7050,245.0159,70.7577,62.3102,82.5711,5739.0098
2026-03-17,62.5383,41.1385,138.0100,911.5000,153.2767,167.2299,346.1702,1189.7335,46.8517,40.0951,17.5541,75.0331,70.6549,83.4070,36.9651,246.7007,126.7319,42.8257,32.3994,198.3131,9.6624,22.5657,19.6123,39.6350,21.6154,4.9997,50.5328,244.8517,50.1864,528.1786,14.5970,7.3945,345.6104,46.5550,289.4048,65.9441,1828.3771,301.5122,9.4795,72.8187,163.4656,69.0416,219.1500,5.8790,246.9851,72.7905,62.6030,83.0960,5769.2500
2026-03-18,60.8034,40.4899,135.5070,890.1000,151.8527,167.2103,342.8242,1186.9429,46.3051,39.4171,17.7333,74.7116,68.3938,84.7862,37.0218,244.6366,125.2752,43.4970,31.5180,198.4108,9.3389,22.2999,19.2938,39.9700,21.8644,5.0413,51.0636,240.9950,49.9621,514.0531,14.6567,7.2637,343.4528,43.1300,286.7351,64.4212,1835.3234,303.1933,9.5625,72.0895,158.7457,69.3909,218.1000,5.7620,249.4466,73.7091,62.3590,82.8898,5736.8501
2026-03-19,59.4824,39.8801,130.7954,865.6000,149.7701,160.9853,337.6617,1164.6191,44.2339,38.3551,17.3460,72.1777,67.0797,82.0571,36.2670,244.9315,122.5075,42.1257,31.1403,194.1124,9.1957,23.1360,19.1713,37.0950,21.2801,4.9098,49.9429,230.0182,48.2522,505.4633,14.3445,7.0339,338.6472,40.5400,271.2119,62.7828,1728.6473,289.9422,9.2384,74.0120,157.3298,66.2861,210.3000,5.5720,239.6499,76.8072,60.5240,80.3212,5613.8301
2026-03-20,58.3192,39.5413,131.0408,863.5000,148.8445,158.0005,332.3081,1124.3568,44.1092,38.2753,17.3556,71.6293,66.1907,79.7650,35.5688,239.1325,120.3710,42.1832,30.6269,190.2536,8.9014,22.8315,18.7939,37.6450,21.0071,4.8015,49.7069,231.5510,47.5234,497.0643,14.0736,6.8516,341.0009,40.0200,270.7175,62.1852,1643.3066,278.4711,9.1347,73.6711,151.2529,66.0533,203.7500,5.5310,233.4962,75.2142,58.2011,80.0399,5501.2798
2026-03-23,58.1615,38.7766,130.7954,877.9000,147.3493,163.3811,334.3157,1171.3961,44.9627,38.3551,17.8543,73.5959,65.9781,80.9499,35.7292,236.1839,122.9931,42.7202,30.5494,188.5928,8.8352,22.0105,18.6959,38.4900,21.1604,4.9533,49.2547,242.4783,48.5232,496.1099,14.2251,6.8377,338.2549,40.0150,279.9128,61.3370,1636.8564,284.1078,9.5042,72.7619,151.2922,68.7117,211.3000,5.6490,239.5514,74.2760,60.1434,80.7149,5574.3198
2026-03-24,58.1417,39.2316,129.7157,888.5000,150.5533,161.5744,334.1245,1197.5068,46.8421,37.6322,17.7042,73.5959,66.0167,80.5517,35.7575,237.3634,123.6729,42.9791,31.4212,188.2998,8.9725,22.4503,18.9164,38.3150,20.8586,4.9165,48.9794,245.1978,48.2709,495.7282,13.8348,6.9744,341.6874,39.7050,276.1556,60.6238,1636.8564,278.9655,9.3619,73.6521,145.1564,68.3236,209.2000,5.8420,238.0745,75.4585,60.0555,81.2399,5581.2900
2026-03-25,58.9107,38.9412,130.2064,906.5000,152.4223,165.4037,338.2353,1207.4727,47.9640,38.0211,18.0867,74.5792,65.4563,81.8822,35.9462,234.8079,125.0810,43.1326,31.3049,190.1559,9.0573,22.6556,19.0145,39.6600,21.3759,4.9958,49.5496,249.2523,48.8502,500.3094,14.1732,7.2320,345.2181,41.4700,273.2882,61.2792,1655.7108,284.8989,9.5892,75.8209,144.4484,69.5655,211.8000,5.9380,244.1298,75.1263,60.9145,82.1961,5649.3301
2026-03-26,58.5755,38.8541,131.6297,877.8000,152.4757,160.4355,335.4629,1161.8289,48.6544,38.1656,17.7139,73.9174,65.5143,79.5125,35.7575,233.8250,123.4301,42.8833,30.9465,189.8140,8.9735,23.1052,18.8282,38.8850,21.0071,4.9059,49.6283,249.4006,48.5699,497.2552,14.0163,7.1646,344.0902,39.5000,276.5511,57.7709,1628.4216,278.5700,9.3580,76.8531,142.2261,68.0714,209.7500,5.8700,234.5300,77.2959,59.6944,81.4461,5565.9302
2026-03-27,58.1812,38.5153,129.6175,855.5000,153.9175,157.5096,335.4629,1142.4949,49.9585,38.1507,17.3411,73.5392,64.8958,78.7453,35.8047,234.8079,122.4590,42.3558,30.6947,190.3025,8.9121,23.3837,18.7449,37.4300,20.8059,4.9291,48.6648,245.5439,48.2428,499.1641,14.0163,6.8020,343.2566,38.7200,275.1668,62.3587,1609.0710,275.3066,9.2898,77.6487,140.1808,67.0623,204.9000,5.8820,225.6687,76.7095,58.7769,81.0711,5505.7998
2026-03-30,58.9698,39.1929,131.1880,864.4000,156.9792,156.2921,341.5814,1108.2120,50.8215,38.9534,17.4186,73.8039,66.9637,78.5899,36.6161,241.4914,122.8960,42.8737,31.2468,193.1355,9.1635,23.9995,19.3281,37.3200,20.9113,4.9349,48.6058,253.6529,48.2522,510.4263,14.2615,6.8754,344.4825,38.5700,286.6363,63.6502,1609.5673,271.3511,9.3767,77.5634,144.5664,67.2952,205.4000,5.9930,224.0441,79.1821,58.4060,80.9399,5541.7900
2026-03-31,58.8712,38.9993,134.1328,850.6000,158.3498,157.9023,343.4934,1115.3875,50.2462,39.2725,17.6703,73.7472,66.7125,78.6578,37.0218,246.7990,124.6440,42.9120,30.9465,193.8193,9.1353,24.2878,19.3526,38.0000,21.1747,4.9900,48.4092,253.7518,48.9530,514.8167,14.3939,6.7327,342.6191,38.9800,285.7464,61.8961,1596.6669,276.2955,9.3767,78.3400,144.4484,67.9743,205.7000,6.0590,225.5702,79.9130,59.4016,80.9961,5569.7300
2026-04-01,59.8767,39.8801,134.3782,863.7000,160.2010,164.8539,351.5239,1183.5544,48.8462,40.0054,18.2706,74.7116,66.7318,82.9214,37.8992,246.5041,128.7713,44.6860,30.8400,189.4721,9.4442,23.1394,19.6711,40.1500,22.2572,5.2095,50.4934,260.2785,49.4108,515.7711,14.8843,7.0418,350.2689,40.5300,294.4473,61.2792,1656.7031,287.3711,9.8678,78.4821,146.3757,70.0312,215.3500,6.3220,236.2530,76.6043,62.7494,82.9648,5732.7100
2026-04-02,60.6259,40.3931,132.4150,845.2000,160.6638,162.1439,351.7150,1157.0452,48.8462,39.5816,18.1738,74.9196,66.9057,80.9013,38.2200,251.2219,127.8001,44.2257,30.7700,186.8344,9.5036,24.1265,19.9554,38.9600,21.9794,5.1447,49.9429,262.3058,49.2520,520.1614,14.8549,7.2815,351.2986,40.0200,292.1732,60.7395,1654.7185,284.1078,9.6969,78.2074,146.4150,68.4206,213.3500,6.5800,232.5116,78.4414,61.1585,81.8399,5692.8599
2026-04-07,60.7442,40.3544,128.4396,844.2000,161.5360,159.6696,351.0458,1110.0060,49.7955,39.1578,18.2900,73.9741,66.9250,81.3092,38.0501,252.1064,126.8290,43.8518,30.8100,185.8087,9.5173,24.3220,19.8574,38.2650,21.9842,5.1921,49.3333,254.8890,48.5699,521.4976,14.6833,7.4064,344.0412,39.7650,283.5217,60.6817,1635.8641,279.8556,9.6050,76.2470,142.7964,68.7893,210.0000,6.3240,229.6563,78.2833,60.9047,80.3024,5633.2202
2026-04-08,62.6961,40.5577,135.0162,878.1000,163.2626,172.0803,361.4663,1208.4694,50.0640,40.3643,19.5400,77.9262,66.6738,87.3890,38.9276,249.3544,132.4130,46.3450,31.4800,196.0662,9.5991,22.9683,19.8770,42.7900,23.1816,5.4551,52.1451,274.1725,50.8218,526.6515,15.4238,7.9453,359.7329,42.0350,299.1438,62.2045,1754.4481,309.6211,10.3352,76.5880,147.2017,73.9898,231.5000,6.7140,252.0065,75.8635,65.7068,84.9897,5913.3701
2026-04-09,62.7552,40.8868,134.4763,860.0000,166.5912,167.7012,361.6575,1230.5938,51.3777,40.3344,19.2100,77.8884,66.3453,86.9131,39.0974,249.8458,132.9471,46.6327,31.2700,192.7447,9.6235,23.8773,20.0730,42.3900,23.4115,5.4261,52.4794,271.4037,49.7566,529.7057,15.1835,7.9810,353.9957,41.8550,296.9686,62.2816,1738.0746,312.4889,10.2245,76.6353,137.1719,73.0389,226.7500,6.7170,252.1542,77.8981,65.2871,83.6023,5896.2900
2026-04-10,63.5241,40.3648,135.2616,858.8000,167.8016,166.4248,360.7015,1265.6738,52.4516,40.0054,19.7050,79.2688,66.8477,87.7289,38.7860,248.1750,131.7332,47.1217,30.9900,194.6497,9.6137,23.4082,19.9162,42.8250,23.5504,5.4696,53.0889,273.3814,50.3452,524.3609,15.4875,7.9592,351.9851,41.5550,298.2540,62.8599,1744.0286,309.8189,10.3905,75.9440,137.0539,73.7375,229.4500,6.8910,256.1911,77.6413,66.8780,83.4710,5926.1099
2026-04-13,62.9524,40.6504,133.4947,892.4000,166.8760,167.3674,362.2311,1255.5087,52.4037,40.6735,19.7000,79.3066,65.0504,87.1850,38.9276,250.5338,130.6164,46.2587,29.1100,192.5005,9.5718,23.4668,19.6319,42.9300,23.6605,5.4686,52.0271,269.0303,50.6442,528.1786,15.5856,8.5377,349.9256,41.6700,295.7821,62.9370,1748.4941,306.6544,10.2265,75.2053,140.1218,73.2524,228.7000,6.6940,256.2895,78.6784,66.5462,82.3273,5905.0200
2026-04-14,63.3861,40.4042,135.3597,926.1000,166.6802,169.6257,367.1068,1279.8254,51.5215,40.4940,20.0700,78.0019,65.2630,88.4864,39.4653,249.5510,131.4904,46.7669,28.7400,199.9739,9.6283,22.9537,19.5927,44.4550,23.9719,5.5740,52.1648,276.8920,51.2329,535.2413,15.8995,8.6586,353.7505,42.2750,301.9123,64.2670,1769.3331,313.8733,10.5684,76.7300,141.0658,75.4257,237.2500,6.9270,263.4278,76.4364,68.6740,84.8960,5984.5098
2026-04-15,63.1495,40.0693,137.4211,964.0000,166.5734,168.5653,369.1144,1225.8101,50.7256,40.6236,19.7550,77.7560,65.6109,88.7390,39.7578,251.5167,130.0337,46.2203,28.5500,199.8762,9.4900,22.7826,19.4947,44.7150,24.0389,5.6001,51.9288,251.1806,50.8872,537.3411,15.8406,8.4525,351.3967,42.4450,299.3416,64.5755,1623.9561,305.3689,10.5249,76.8153,144.0944,74.0286,237.4000,7.0500,262.0986,75.7351,68.5178,84.8960,5940.3398
2026-04-16,63.2481,40.4337,139.2370,958.0000,165.8792,168.6635,368.9232,1218.4353,51.2147,40.5737,19.5700,76.5836,65.2051,87.8357,39.8993,255.0551,130.7135,46.6422,29.1100,202.1231,9.4481,22.8755,19.4653,46.0050,23.8672,5.5518,52.2041,243.4672,49.8500,534.6687,15.5856,8.5120,343.1585,42.7400,301.6651,64.2285,1641.8181,294.8867,10.4004,76.5690,149.1290,75.5615,239.6000,6.9680,263.6247,76.1697,67.5222,83.8460,5933.2798
2026-04-17,63.6622,40.3057,143.7032,984.9000,165.5766,176.2238,372.8428,1239.7623,50.6010,40.9826,20.3100,79.6281,65.8428,91.5652,40.2107,256.6277,133.5298,48.0806,29.5900,210.7199,9.4783,21.2677,19.4065,48.9000,24.3458,5.7268,54.0917,250.7851,52.6600,539.0590,15.7082,8.5655,349.8766,44.3300,317.4850,65.1730,1727.6550,311.7966,10.9102,77.6771,153.6325,79.0156,247.6500,7.4410,274.3568,72.1696,70.0892,86.9021,6057.7100
2026-04-20,63.1495,40.6800,142.1817,970.8000,165.8792,173.1800,372.1736,1240.7589,50.7256,41.2418,19.6150,78.9473,65.6689,89.9335,40.0503,259.3797,132.8500,47.8409,29.5700,201.7323,9.4822,21.8004,19.4751,47.9950,24.1731,5.6069,53.4035,245.4450,52.0100,541.3497,15.5709,8.8547,344.1883,43.9950,311.9500,64.7297,1683.0000,299.6333,10.6276,77.6866,147.6933,76.3377,242.5500,7.3490,269.3846,73.4931,67.9900,84.8210,5982.6299
2026-04-21,61.6906,40.8770,142.3780,981.3000,165.9326,170.5200,377.4316,1232.7863,51.2914,39.8558,19.2300,78.9284,64.1808,89.4868,40.0220,260.7557,133.6500,47.2560,28.7900,201.9277,9.4461,21.8981,19.5339,47.7350,24.1731,5.5875,52.9906,240.5005,51.1500,542.1132,15.5954,8.7497,338.5001,42.7850,309.3000,64.7297,1676.0000,279.2622,10.5071,76.7300,148.6373,76.0855,241.6000,7.3860,267.9077,74.1054,67.0100,84.3522,5930.2500
2026-04-22,61.2371,41.0149,138.9425,970.4000,165.7368,166.2400,372.6516,1245.5427,51.3106,40.1250,19.0650,77.4157,65.7848,88.1271,39.0974,260.7557,130.7500,46.7573,27.4200,196.8478,9.5319,22.4210,19.5437,49.3900,23.8327,5.5373,52.1648,235.4571,50.5000,533.3325,15.6543,8.4307,338.2549,42.4250,308.1000,63.4574,1645.5000,269.4722,10.4241,76.5027,147.3197,74.6301,241.6500,7.3030,269.6800,75.0832,65.6800,83.1898,5906.2202
2026-04-23,61.0400,40.7391,135.5561,930.6000,167.1964,168.1600,372.9384,1219.6312,52.0106,39.9256,18.6600,76.6593,65.8041,87.7095,38.9559,260.6574,131.0500,45.9710,27.5300,187.3717,9.6313,22.6898,19.6221,53.3500,23.6945,5.4899,52.6170,235.5066,50.5800,532.1871,15.5121,8.9657,368.6086,41.5500,305.8500,63.3996,1674.0000,275.9000,10.2028,77.4309,138.3519,75.6974,243.4000,7.1920,270.6153,75.6561,64.4500,82.8336,5894.7300
2026-04-24,61.2765,40.6110,133.7401,975.1000,167.6414,165.9200,370.9308,1248.0969,52.0873,38.3900,18.5800,75.0141,65.2824,86.4469,38.7106,262.1317,127.6000,45.8272,27.6100,181.4126,9.5699,22.4308,19.5290,54.1500,23.5317,5.4715,51.6732,237.3855,49.7750,526.6515,15.3797,8.8627,370.1778,41.5350,299.5500,63.2261,1648.0000,267.0000,10.0763,75.8398,144.8221,75.2317,243.1000,6.8370,271.7476,76.0512,64.0100,81.2586,5883.4800
2026-04-27,61.7300,40.2072,135.2616,966.1000,166.9828,165.5600,371.1220,1211.1415,52.0489,38.3800,18.7150,74.9763,64.3354,87.5638,38.4653,261.8369,127.7500,45.6450,26.8700,182.1452,9.5406,22.4845,19.5927,53.6000,23.5662,5.4831,51.2406,241.0444,49.5250,516.1528,15.4974,9.2309,366.5981,40.7700,296.1000,62.3587,1658.0000,270.9555,10.1534,74.7223,146.4740,75.0570,251.8500,6.8360,270.8615,75.8635,64.3900,81.6899,5860.3198
2026-04-28,62.9327,40.0988,135.2616,954.0000,161.6428,166.1000,374.6592,1170.3906,52.2023,36.6200,18.7800,75.0331,65.1278,88.8846,38.6634,262.7214,128.5500,45.9039,26.7600,178.4818,9.6907,22.8853,19.7594,52.8000,23.6994,5.5895,50.9850,233.4793,49.0300,519.3979,15.5415,9.3642,366.5000,40.7450,291.4500,61.9539,1622.5000,268.2855,10.2423,74.7128,146.3954,75.0376,251.1500,6.6950,266.6277,77.3055,65.7700,81.2024,5836.1001
2026-04-29,61.7103,39.1926,146.5497,957.2000,160.7350,174.6200,367.9672,1191.1655,51.8284,36.4500,18.4750,73.3312,63.8716,87.9037,37.9558,260.5591,126.1500,44.9354,27.3200,176.4303,9.4208,23.1101,19.5192,55.7000,23.5662,5.5324,50.6400,229.9687,48.7550,502.6000,15.5611,10.2598,365.6000,40.6500,290.2500,60.0455,1607.5000,265.8133,10.3490,74.1730,143.4454,74.1838,246.7500,6.6310,267.3661,77.2660,65.7300,80.1337,5816.4800
2026-04-30,63.4847,39.4192,144.6847,958.5000,162.9422,174.8800,371.8868,1220.9297,52.4900,38.0500,18.8100,73.6716,64.4900,86.6606,38.6257,257.1191,128.5000,48.3108,27.5700,177.0653,9.6702,23.4570,19.5535,57.1300,24.4297,5.5837,50.5800,230.0676,49.5850,510.8000,15.6837,10.5534,366.0500,41.0700,293.3500,60.5660,1623.5000,269.9666,10.3800,75.5936,143.0718,75.3287,252.5500,6.2090,264.4616,78.3130,65.6200,80.8274,5881.5098
2026-05-04,62.2426,38.5425,138.6480,970.8000,158.1006,176.1800,360.7015,1185.9718,52.8500,37.4000,17.8950,71.8752,65.2000,84.9318,37.8048,257.1191,125.8000,44.7915,27.0100,169.2500,9.4266,23.3544,19.1713,56.8100,23.6501,5.4386,49.3900,224.7276,47.9250,508.4000,15.3600,11.3346,359.7000,40.6150,291.0500,61.0479,1588.5000,262.2533,9.9790,73.6900,145.5890,72.8643,249.5500,6.1210,256.5356,77.6808,64.0600,78.5588,5763.6099
2026-05-05,68.0588,38.8380,140.0222,972.3000,159.7026,177.8600,366.0551,1227.5217,53.4500,37.9000,18.2350,73.0097,64.4600,86.2235,38.0124,253.1876,129.0500,44.3600,27.3400,171.5000,9.4617,23.4228,19.3477,60.5000,24.0152,5.5692,50.4400,225.3703,48.1900,508.8000,15.4287,11.3694,361.3500,40.7200,279.5500,62.0888,1588.0000,269.2744,10.1720,74.1600,147.3000,73.6599,260.5000,6.1810,268.7446,78.3228,67.8200,79.0837,5869.6299
2026-05-06,69.3600,37.9023,145.5191,957.6000,160.4502,188.5000,375.2328,1303.4303,52.5200,38.5100,18.8750,76.9618,64.9200,90.7202,39.4370,248.0767,133.5000,46.8200,27.8200,176.7000,9.5942,22.4503,19.3673,59.2300,25.1945,5.7519,52.4400,240.5500,50.1800,523.6000,15.5954,11.2898,373.4000,41.8800,286.1000,63.6695,1671.5000,293.4034,10.5880,74.6400,149.3200,77.8513,268.3000,6.4850,278.3444,75.8043,70.9400,82.5523,6027.1299
2026-05-07,67.8000,37.1045,149.2000,948.9000,157.2640,183.4400,371.6000,1298.4363,50.9100,37.4300,18.9750,77.8695,63.2800,90.5551,39.2295,242.8675,131.5500,47.3200,27.7000,176.3000,9.4032,21.8786,19.2350,59.5000,25.4116,5.7335,52.6800,244.0605,50.3200,511.6000,15.3502,10.4937,367.0000,41.9600,288.8500,61.7033,1702.0000,291.5244,10.5800,73.7400,151.3800,77.7931,266.2000,6.4080,270.9600,74.3425,71.4000,82.5711,5972.6499
2026-05-08,67.8000,36.6317,146.8500,942.8000,155.8577,179.8800,369.1000,1317.8130,51.6500,36.9800,18.9250,77.3589,62.8000,88.9138,38.7200,238.5428,128.8000,46.8500,27.4000,171.4000,9.3789,22.2549,19.0684,61.6600,25.2143,5.6204,51.3200,243.1705,50.1300,502.0000,15.2718,10.8918,363.0000,41.0100,289.5000,61.3756,1661.0000,283.1189,10.4660,73.1000,146.2000,76.8228,264.9500,6.5160,268.4000,74.8660,70.5000,82.1398,5911.5298
2026-05-11,67.8200,36.3460,141.7000,921.0000,156.6409,175.4800,371.7000,1304.0295,53.4600,37.0800,18.7600,76.4891,61.8200,90.2832,39.5000,243.7520,129.1500,47.3900,27.6000,167.0000,9.6303,22.9292,19.2203,61.7900,25.3820,5.6639,49.9200,235.8527,50.2600,499.3000,15.2816,11.3346,353.6000,41.0650,281.1000,59.2552,1606.5000,281.2400,10.4160,73.2200,144.4600,75.6392,268.6500,6.4160,274.6500,75.9623,70.7300,82.4961,5895.4502
2026-05-12,68.0000,36.1687,142.0000,908.7000,156.4807,172.5200,368.2000,1264.2775,53.2000,38.4400,18.5300,75.6571,62.7800,87.8066,39.1000,245.5212,128.0000,47.1900,27.6200,165.9000,9.4734,23.1345,19.0488,58.1400,24.8244,5.5846,48.4800,236.4460,50.2200,468.9000,15.1688,11.0311,358.8500,38.4650,280.0000,59.2745,1579.0000,277.5811,10.2000,73.3600,142.4000,73.7957,264.6000,6.2610,265.3000,77.3352,70.1100,81.3149,5808.4502
2026-05-13,68.5400,35.9520,144.0000,880.0000,157.5488,173.4400,372.3000,1325.4038,54.0000,37.9700,18.6450,76.3000,61.4400,88.7778,38.9000,241.0000,126.0500,47.4900,27.9600,170.4500,9.4880,23.0368,19.1811,64.3600,25.0909,5.5247,49.0500,237.9294,50.7600,462.1000,15.1492,11.8620,355.6000,40.0150,283.1500,58.5034,1582.5000,278.3722,10.2780,72.7200,136.2600,73.6793,266.8000,6.4730,268.4000,76.8512,71.1600,81.1086,5861.0698
2026-05-14,69.6800,35.9619,146.8000,898.0000,159.2754,172.7400,380.3000,1365.3557,53.3900,38.1800,18.9650,76.3800,61.8600,89.3799,39.4800,243.2000,127.4500,47.9100,27.8200,173.2000,9.4685,23.0465,19.1811,68.0700,25.6041,5.6330,49.2600,241.6378,51.0200,468.2000,15.1492,11.8620,358.9000,38.7200,287.0000,58.9468,1593.5000,280.0533,10.2460,73.2400,141.2200,74.3196,273.7000,6.7020,270.9500,77.3154,72.3500,83.2835,5861.0698
2026-05-15,69.5200,36.2475,145.7000,890.8000,156.8546,167.6800,374.5000,1305.0283,52.6300,37.7100,18.8750,74.4000,61.2400,86.6800,39.1800,244.4000,124.6500,46.8000,27.6800,173.2500,9.2415,22.9879,18.8184,65.1900,25.0317,5.5450,49.4800,234.2210,50.3500,473.0000,15.1246,11.8471,357.1000,39.0950,279.4000,59.5251,1575.5000,268.3844,10.1820,73.9600,144.0600,72.2045,259.6000,6.4670,263.7500,77.7105,71.2600,82.4398,5827.7598
2026-05-18,69.6200,37.0651,147.3000,909.3000,158.6364,170.3800,381.4000,1262.8792,52.9600,37.8300,18.9050,74.1200,62.5000,88.0200,40.0600,255.8000,124.5000,47.2600,28.7900,174.2000,9.3701,23.7294,19.0390,66.3300,24.9527,5.5920,50.1600,236.8416,49.9700,483.8000,15.4336,11.6729,357.8500,39.2900,277.0000,60.0841,1580.0000,270.8567,10.1860,74.3400,147.8600,72.5344,260.5000,6.3960,260.9500,79.2809,71.4600,82.2898,5849.0000
2026-05-19,70.2200,37.4787,146.7500,952.6000,158.2727,169.1000,382.6000,1247.4977,52.3000,38.5200,18.7550,73.7200,63.5000,87.5000,40.3300,257.3000,122.9500,47.0700,29.3800,176.0000,9.3136,23.5910,19.1811,64.6400,24.9774,5.5390,49.8200,238.5722,49.5400,483.4000,15.5464,11.5286,357.2000,40.2400,286.6000,60.9130,1607.0000,271.1534,10.2040,75.2000,156.7200,70.8462,256.8000,6.3530,255.8000,78.8068,70.4600,82.1398,5851.1602
2026-05-20,71.1600,37.0257,148.2000,956.3000,160.9273,173.3600,385.7000,1331.3966,51.1000,39.2300,19.4700,74.3600,63.5000,89.2800,40.3600,256.9000,124.6000,48.0900,29.1600,176.7000,9.4218,23.2746,19.2154,67.9400,25.6238,5.6930,50.7400,245.3956,50.0100,485.8000,15.8554,11.6779,360.2000,40.8200,290.2500,61.2985,1622.0000,279.3611,10.6220,76.6700,153.4200,72.3016,264.1000,6.4370,264.6000,78.6290,72.2700,82.4211,5976.0698
2026-05-21,71.4200,36.4938,150.0000,943.0000,163.3818,165.9600,385.9000,1343.5819,51.8900,38.9100,19.2300,74.3600,62.8600,89.1600,40.1100,258.0000,123.1000,47.9100,29.1300,175.4000,9.5104,23.5218,19.3036,68.0000,25.8014,5.5960,50.3800,241.8850,49.7600,474.3000,15.8995,12.0212,359.4500,39.6050,298.2000,62.0117,1607.5000,276.5922,10.4560,77.5400,150.9000,71.8359,264.0500,6.3070,264.6000,79.2710,70.6800,83.0585,5960.3198
2026-05-22,71.9000,36.0998,154.5000,957.9000,163.9818,169.5200,385.6000,1407.3052,51.6700,38.5100,19.2950,74.4800,61.8600,89.9300,40.1200,256.0000,121.7000,49.8800,29.3100,173.2500,9.4500,23.0324,19.1909,73.4200,26.0876,5.6180,50.7800,239.3138,50.1200,469.0000,16.0760,13.1905,361.6500,39.0600,301.5500,62.4165,1605.0000,281.8333,10.4280,76.8800,151.7800,73.0389,268.6000,6.5080,269.0500,77.6808,72.1100,84.0710,6019.4502
2026-05-25,72.2800,36.0702,157.8500,987.6000,167.4182,174.2600,391.0000,1428.8793,51.3500,38.4100,20.0900,75.4400,61.7200,92.5200,40.4700,256.5000,125.6500,50.2600,29.4500,175.1000,9.5484,22.7803,19.3428,76.7300,26.7636,5.7400,51.6000,244.5550,50.7600,474.0000,16.4488,13.0014,367.6500,40.1550,310.0000,63.0526,1650.5000,298.1500,10.8520,77.4600,154.4800,75.1929,276.7500,6.6980,277.3000,76.7129,74.0900,85.2522,6019.4502
2026-05-26,70.8000,35.7255,157.2000,969.6000,165.4182,172.2800,388.9000,1388.1284,51.3200,37.8200,19.9400,75.2600,61.2800,92.2000,40.4300,253.8000,124.1000,49.8700,29.0500,172.1000,9.5747,22.9088,19.5242,77.5500,26.4478,5.7080,51.3400,237.0888,50.9200,473.1000,16.2085,13.7677,368.7000,39.2800,284.0500,61.8575,1596.5000,295.1000,10.6780,76.3200,151.4600,74.3196,272.5500,6.7630,273.2000,77.2561,73.4600,84.8397,6064.1499
2026-05-27,72.4000,36.1490,165.6500,966.0000,166.3091,173.7000,389.4000,1374.7445,51.0900,38.1200,20.0600,77.0200,63.0200,92.3000,40.5700,252.0000,125.2500,50.5800,29.3400,174.6500,9.3448,22.2661,19.2987,76.7300,26.3738,5.7900,53.0000,247.6206,52.5100,467.7000,16.2134,13.3945,385.8500,38.9800,283.7500,63.4960,1634.0000,299.0000,10.8560,77.1400,150.0000,76.2601,274.0500,7.0200,268.9500,74.4906,73.0900,86.6021,6070.5400
2026-05-28,71.0400,35.8535,167.1500,927.4000,165.4545,177.7000,380.9000,1389.3269,50.7200,37.8400,19.8400,75.9400,61.8600,91.7600,39.7200,248.2000,124.3500,51.2800,28.9500,174.8000,9.3516,22.3848,19.1615,80.1100,26.1370,5.7490,53.7600,248.1645,52.7100,456.8000,16.0859,13.1358,386.6500,38.6250,293.6500,62.0888,1634.0000,303.0000,10.6740,76.3600,151.6000,75.3869,271.6500,6.9980,267.2500,74.4906,72.9100,86.7709,6055.1099
2026-05-29,69.0000,35.6270,166.6000,939.3000,161.8909,179.7000,381.6000,1383.1344,50.8200,36.5300,20.1100,74.7600,60.9400,92.9500,39.7300,247.6000,125.0500,51.2000,28.8600,175.1500,9.3789,22.2760,19.1173,81.1100,26.3491,5.8070,53.3000,252.5157,52.1900,452.3000,16.2379,12.5188,382.5500,39.0200,295.2000,61.1250,1620.0000,305.7000,10.7280,75.2900,155.2600,75.9302,269.8000,6.8650,269.9500,74.2536,74.2400,86.0772,6050.5400
2026-06-01,69.2400,35.1246,165.0000,911.8000,161.2909,173.1800,374.9000,1392.3232,50.8400,35.1300,19.8250,73.7200,61.3600,92.5800,39.5700,248.0000,123.3500,51.4000,28.8200,172.8000,9.3155,22.7605,18.9850,80.3500,26.1518,5.6940,52.6800,245.0000,51.4400,444.9000,15.9191,13.2552,379.4000,38.9450,298.6000,59.5636,1609.5000,297.0000,10.6560,74.1600,167.9000,73.8928,272.6500,6.6770,276.2000,75.4388,73.7200,84.8960,6034.9502
2026-06-02,69.7600,34.4154,166.8500,890.0000,160.4909,172.6800,376.7000,1460.0417,51.0700,34.1000,19.9800,72.9800,64.0400,94.4300,39.7800,242.1000,122.5500,52.9600,28.8800,171.1000,9.3321,22.8841,19.1713,88.0000,26.4084,5.7500,52.6800,254.4000,51.6700,442.4000,15.8995,14.3001,378.8500,42.5950,304.7500,59.4094,1603.5000,298.0000,10.7380,73.4200,162.8600,75.1152,278.7000,6.6290,287.1500,75.7055,74.9300,85.3272,6107.8501
2026-06-03,68.6000,34.7306,161.6000,848.2000,163.5455,169.3000,368.6000,1483.4136,50.7800,34.7000,19.5300,71.3200,64.3000,93.2000,39.0300,240.9000,123.1500,52.5400,28.1000,169.7500,9.2376,23.1906,19.1173,88.0000,25.9248,5.6430,53.4600,244.0500,49.9550,439.0000,15.7573,14.6136,370.4500,40.2500,297.3000,58.7155,1564.0000,293.8000,10.5780,73.5200,155.9400,75.3869,275.0000,6.3610,283.4500,76.6240,73.5000,83.7335,6053.5698
2026-06-04,67.5600,34.6912,160.5500,897.0000,165.1636,177.0000,371.3000,1496.1981,50.6500,35.5600,19.6500,70.2400,63.6600,93.9700,39.4400,245.3000,123.5500,52.3000,27.8300,176.2500,9.3224,23.1510,19.1762,85.0500,25.9889,5.6900,54.0600,249.0500,49.0750,441.2000,15.8554,13.8672,370.9000,40.0850,301.7000,58.9082,1582.5000,300.3000,10.7280,76.4400,164.5000,74.7077,272.0500,6.4250,281.8500,76.4265,74.1700,83.0585,6103.3301
2026-06-05,67.7000,35.3118,161.4500,817.4000,166.7273,178.9600,372.8000,1460.4412,50.9800,36.1600,19.4100,70.3800,64.4200,93.6500,39.5200,245.9000,124.2500,52.1600,27.6600,174.0500,9.3916,23.2845,19.4605,77.3000,25.6287,5.6730,55.0000,249.4500,47.9950,448.1000,15.8259,13.0263,375.5000,40.1500,300.4000,59.8528,1619.0000,298.5000,10.6740,77.9500,161.4800,74.9600,268.8000,6.2200,269.0500,76.4166,73.1500,82.3461,6062.0698
2026-06-08,67.8800,34.8390,164.5500,833.3000,165.3800,176.9600,374.1000,1512.7782,48.8500,35.6900,19.4000,69.7400,64.1800,93.1500,39.7000,244.7000,123.8000,51.7600,27.6300,173.1500,9.3253,23.2351,19.3771,78.2400,25.0613,5.5950,54.5600,249.0000,48.3550,448.9000,15.7720,12.9019,378.4500,39.5200,305.7000,59.8528,1643.5000,294.5000,10.6000,76.6700,158.1000,74.4000,268.0000,6.1500,270.5000,76.3870,71.6800,82.4023,6062.2900
2026-06-09,69.8800,35.2133,167.3500,823.1000,168.4200,175.7400,377.9000,1506.5857,48.5250,35.4900,19.3550,68.7200,65.3000,93.3900,40.1700,245.7000,122.7500,51.7400,27.7800,179.7000,9.4529,22.8643,19.5536,75.6600,24.8096,5.6460,55.7000,255.2000,47.7050,456.2000,15.6984,11.9814,384.5500,39.8400,308.5500,61.0865,1665.5000,295.6000,10.4820,77.0400,154.7000,75.4600,264.3000,6.0330,263.4500,75.5277,71.6200,81.8211,6049.7402
2026-06-10,70.4400,35.6368,172.1000,803.1000,167.7200,174.9600,381.5000,1505.3871,47.9800,35.3700,19.2400,67.6200,66.3400,91.9600,40.5300,246.8000,122.8500,50.8200,28.6300,178.6000,9.3613,23.2400,19.6664,75.1000,24.7208,5.5950,55.0200,256.0000,47.1100,460.3000,15.5366,11.8869,384.0500,39.9000,303.9000,60.7780,1635.5000,291.5000,10.4440,76.0100,149.7000,74.3200,258.4000,5.7710,257.7000,76.2882,70.6500,80.9024,6009.9502
2026-06-11,71.0800,35.6565,173.3000,785.2000,165.0200,175.2600,383.3000,1574.1044,48.8750,35.7900,19.3150,66.5400,66.0000,91.9400,40.4700,246.4000,123.3500,51.2400,27.7400,178.7500,9.4130,23.4872,19.9409,77.0600,24.7406,5.5990,55.3200,259.2000,47.4350,461.5000,15.5807,11.7376,383.3000,39.2050,310.3000,60.7009,1643.0000,295.3000,10.4720,76.3000,139.9000,73.2800,258.5000,5.7910,264.3000,77.0388,70.4100,80.0774,6056.9600
2026-06-12,71.2800,35.8240,176.3500,828.4000,168.3000,179.2800,386.4000,1627.6399,49.5000,36.1900,20.0900,67.0000,67.1800,96.6900,40.8600,249.5000,125.9000,51.7200,28.3200,182.7000,9.5436,22.9582,19.9213,80.0600,25.6189,5.8400,55.9400,268.3500,48.0150,458.9000,16.0368,12.9019,390.2500,39.2950,306.8500,61.1443,1697.0000,306.1000,11.0260,76.5900,140.2600,75.7600,264.5000,5.8920,265.3000,75.4388,73.3000,82.8898,6187.6299
2026-06-15,70.7600,35.4694,176.3500,858.9000,165.8600,183.6800,394.7000,1620.2488,49.2250,36.3100,20.6000,68.3400,66.4600,98.6500,41.8800,247.7000,127.8500,52.1600,27.8500,184.0500,9.5484,21.8805,20.0879,80.7500,25.9791,5.8850,56.6400,262.7000,49.3750,462.7000,16.2085,12.3198,385.8500,39.5700,319.3500,60.9515,1712.0000,316.4000,11.4520,75.5400,143.1800,78.0800,270.3500,6.0850,270.1500,72.1005,74.5700,84.7647,6229.4302
2026-06-16,71.1800,35.6664,174.2000,890.3000,167.3800,185.3000,399.0000,1589.2860,49.1100,36.0100,21.1000,67.9000,66.2000,99.9600,42.3500,247.1000,129.2000,52.8200,27.6500,183.5500,9.6810,21.7619,20.1762,79.2800,26.4972,6.0560,55.9400,265.3500,48.8800,468.8000,16.1594,12.0362,386.1500,38.8000,318.8000,61.1057,1749.5000,324.0000,11.6340,75.6600,142.9000,78.5000,273.0500,5.9710,276.9500,72.1498,77.6800,84.0523,6257.4199
2026-06-17,70.6000,34.8587,173.1000,888.3000,166.9000,187.0200,400.2000,1654.4077,49.8850,37.7400,21.6400,62.2400,65.8000,101.2000,42.5300,246.0000,130.3000,52.6800,26.9600,174.7500,9.6303,21.5839,20.2938,77.0600,27.1288,6.1100,56.4400,264.9000,46.7500,464.6000,16.2918,11.9665,382.1500,39.2100,310.7000,60.2576,1727.5000,324.0000,11.8960,74.8800,141.1800,78.8800,273.1000,5.7770,282.7500,71.3202,79.5700,81.1274,6300.0698
2026-06-18,70.4200,34.0017,177.9500,903.8000,167.1200,191.9400,400.0000,1673.9841,48.5350,37.1500,21.4900,59.7400,65.7000,101.1000,42.4000,243.1000,130.6500,52.0000,26.9100,177.6000,9.6585,20.9017,20.4311,82.0100,27.1633,6.1520,56.5000,276.5500,44.6000,464.7000,16.1055,11.9217,387.5000,39.0900,313.3500,61.5491,1763.0000,333.5000,11.8840,73.3400,134.8600,79.7600,276.8000,5.5650,291.0000,69.4732,80.0800,78.8400,6323.2700
2026-06-19,69.9800,34.0904,174.9000,875.8000,164.1600,189.4200,400.4000,1655.8060,49.0050,37.8400,21.3400,59.9800,65.0600,101.5800,42.5000,244.0000,129.6500,51.3000,26.6000,173.5500,9.6849,21.3960,20.4212,81.9700,27.5926,6.1780,55.7400,271.9500,45.2750,471.0000,16.1055,11.9217,380.1000,38.2150,307.5000,61.8190,1721.5000,329.4000,11.8020,74.1400,134.1400,78.2600,274.5000,5.5720,289.2500,70.1942,79.5200,80.4400,6293.1299
2026-06-22,70.8400,33.7161,174.5000,874.2000,165.7000,189.5200,406.6000,1653.8085,49.1700,38.1800,21.7500,60.9400,66.6400,101.8400,42.8100,244.0000,130.6500,51.6000,26.1200,168.5000,9.5699,21.3318,20.7742,85.9400,27.8048,6.2340,55.1600,266.1000,45.5300,478.0000,16.4929,12.2203,378.1000,37.8550,306.2000,61.1828,1620.0000,331.2000,11.9980,72.4900,132.2200,78.1000,279.0000,5.6530,292.7500,70.0461,80.0400,80.3200,6311.3198
2026-06-23,72.2000,34.3268,171.1000,833.0000,166.4400,193.2600,405.2000,1558.9227,48.9050,38.6000,21.6900,61.0600,67.6200,101.4400,42.7200,247.5000,129.1000,51.0600,26.2600,168.1500,9.6469,21.2576,20.7644,80.5600,27.5482,6.1310,55.1600,262.8000,45.2400,475.3000,16.1202,11.9416,376.0000,36.9550,301.7000,62.1467,1605.0000,331.1000,11.9300,73.4700,134.5200,77.3200,272.2500,5.2720,279.5000,69.9374,78.8800,77.9200,6230.5498
2026-06-24,74.4400,34.7306,176.0000,844.0000,169.7600,195.1000,404.5000,1551.9312,48.8900,39.5900,21.3200,60.9000,69.5400,101.4600,42.8000,244.8000,129.1500,51.1800,26.4400,168.6000,9.6147,20.5606,20.7350,79.5600,27.1041,6.0930,55.7800,265.3500,44.4050,479.5000,15.9093,12.2551,386.6500,38.4200,307.5000,63.8430,1629.0000,338.4000,11.8620,73.5500,134.8600,79.8400,271.4000,5.1760,280.5000,68.6535,77.7600,76.0200,6214.7002
2026-06-25,73.7800,34.6026,177.9000,821.9000,171.4000,195.0800,407.1000,1592.0826,48.2750,47.0000,21.6900,60.7800,69.9800,103.0000,43.0900,244.8000,131.3500,53.0000,26.4400,166.1000,9.8067,20.2491,21.0389,82.0100,27.0844,6.0300,56.5200,267.9000,44.6350,480.5000,15.9044,12.1257,387.9500,37.7800,312.3500,63.6116,1613.5000,343.7000,11.9160,73.7600,132.2800,81.7600,272.4000,5.1270,279.5500,68.4164,78.1900,76.0200,6267.5298
2026-06-26,74.6800,34.8981,181.7000,824.9000,172.8600,191.9000,407.9000,1576.3016,47.7600,47.0000,21.4700,59.0600,72.1200,101.1200,43.4100,238.3000,130.1000,52.3600,26.2500,168.6500,9.8398,19.9871,21.2644,78.3000,26.8475,5.9520,56.0000,267.0500,43.3350,477.7000,15.9927,11.3346,388.0000,37.4750,322.1500,63.5731,1626.0000,332.7000,11.8300,75.0700,135.1400,80.6000,267.5000,5.0220,276.0500,67.5176,77.0900,74.2800,6221.5498
2026-06-29,73.5200,34.7996,180.9000,829.0000,172.7200,191.5800,408.8000,1610.0610,46.9300,46.0300,21.5500,57.5000,72.0400,100.3600,43.3900,238.4000,126.8500,52.1400,24.8200,163.5000,9.8437,20.2689,21.3918,78.2400,26.8820,5.9000,55.4000,265.6500,43.0800,485.3000,16.0760,11.1604,387.0500,38.3850,323.9500,62.5322,1615.5000,336.5000,11.9180,75.5000,136.6400,77.5400,269.2000,4.8835,278.1000,68.1300,76.7600,71.3600,6231.6299
2026-06-30,72.6600,34.6912,179.4000,820.4000,173.2800,194.5400,414.1000,1719.3295,46.7800,48.4100,21.8700,57.2600,71.7400,102.1400,43.8500,238.8000,127.8000,53.1000,23.8500,164.0500,9.7969,20.3875,21.4114,81.6700,27.3064,5.9900,55.1200,247.3000,43.9200,488.5000,16.2820,11.4988,383.6500,37.9900,324.3500,61.5491,1598.0000,345.0000,12.0840,75.0800,134.0000,79.1600,281.1500,4.9755,285.4000,68.0300,78.2600,70.1000,6328.0898
2026-07-01,71.2200,34.6321,181.0000,849.3000,176.3000,198.2200,414.1000,1639.6254,46.7950,49.0000,21.9500,58.2000,72.2000,101.1600,43.5000,239.1000,124.3000,53.8400,24.2900,173.0000,9.7073,19.8536,21.0095,77.9000,27.2768,5.9970,55.7400,245.7500,43.7900,490.7000,16.1790,11.3296,380.3500,38.4500,331.5000,59.7371,1595.0000,349.9000,12.1160,73.0500,140.8800,78.4600,273.4500,5.1420,276.6500,65.9200,78.6800,69.9400,6282.5000
2026-07-02,71.1200,35.6171,183.7000,855.0000,180.0200,203.9000,418.4000,1575.9022,47.6400,53.3600,22.4400,60.2000,73.9600,102.3200,43.8300,246.9000,126.9000,55.7800,25.1000,175.3500,9.8593,20.1799,21.0585,76.3500,27.8590,6.1220,56.6800,252.5500,44.8250,498.7000,16.5420,10.7325,387.9500,37.3300,333.1500,61.6647,1647.0000,353.3000,12.3220,75.2500,141.7200,79.8600,276.9000,5.1150,275.9000,66.8800,81.8800,73.3000,6360.4702
2026-07-03,72.4400,35.3807,185.3000,862.3000,180.3000,206.1500,419.8000,1632.4341,47.7800,53.3600,22.7400,60.5600,73.4000,102.6800,43.7100,249.8000,127.9000,56.0000,25.1400,172.2000,9.9976,20.2145,21.3330,77.3800,27.9183,6.1680,57.2000,248.4500,45.2400,496.4000,16.6695,11.1157,382.4500,36.9950,331.1500,61.5684,1641.0000,356.7000,12.4180,75.8100,139.6400,80.2400,284.1000,4.9335,280.1000,66.9400,81.9600,74.6600,6412.6802
2026-07-06,69.4600,34.9079,185.4000,868.6000,177.6000,209.4000,420.2000,1626.4414,47.3300,51.1800,22.7800,60.1200,72.5000,103.6000,44.1700,254.2000,125.2500,55.7200,25.4400,172.6000,9.8866,20.1601,20.9300,77.2100,28.3426,6.2370,55.9800,249.7000,45.4050,495.9000,16.7283,10.9763,378.0000,38.1550,338.5000,60.1997,1626.5000,357.1000,12.5080,74.5100,140.0600,79.1800,281.6000,5.0210,278.3500,67.1500,81.8200,75.5000,6398.0098
2026-07-07,70.5800,35.7846,187.9000,858.1000,178.1800,203.9500,422.8000,1507.9840,47.3550,50.8200,22.8000,60.7400,74.0000,101.7800,44.3000,259.7000,123.5000,56.6800,25.7400,175.9000,9.8749,20.2738,21.0200,70.8300,27.9775,6.2260,56.4400,252.2000,45.9700,508.0000,16.7675,10.3693,388.3500,39.3050,339.3500,63.4960,1640.0000,347.2000,12.4820,75.7800,143.9000,78.4800,269.6000,4.9835,268.0000,67.7800,82.2100,75.8000,6319.8599
2026-07-08,69.7200,35.5186,179.1500,830.1000,173.6800,197.3600,418.5000,1527.1609,47.6200,49.6400,21.9700,58.6000,73.1800,98.2700,44.0100,255.3000,118.2500,55.2600,25.5400,169.3500,9.8437,21.0154,21.0200,70.3000,27.4890,6.0810,54.1600,239.6500,44.1250,505.8000,16.3311,10.1653,380.7500,40.3950,327.6000,61.8382,1570.5000,332.5000,11.8500,75.3700,137.9600,75.0000,265.5500,4.6955,263.8000,69.3500,79.8600,72.3800,6204.9102
2026-07-09,69.2000,35.2231,181.5500,834.5000,172.9600,196.5200,422.7000,1600.8722,47.4400,50.7000,22.1400,58.2800,72.4200,99.8200,44.3000,251.8000,119.3500,56.7200,25.3400,171.6500,9.8223,20.7682,21.0600,73.3500,28.0564,6.1890,55.4000,245.8000,43.9000,499.8000,16.5174,11.1455,379.6500,39.6750,327.4500,61.2985,1624.5000,340.0000,12.0460,76.4800,137.7400,74.3200,273.8000,4.6755,270.0000,68.8200,81.9200,71.5200,6284.2700
2026-07-10,69.6600,35.3709,181.8500,846.6000,174.3000,197.2600,421.6000,1567.1128,47.5500,50.1200,22.4800,58.1400,72.4200,100.7000,44.2700,249.0000,119.0000,56.3000,26.1200,171.4000,9.8612,20.5210,20.9000,72.4800,28.0416,6.2590,54.9600,248.5000,43.9900,503.6000,16.4929,10.8420,381.0000,39.5450,331.0000,61.8768,1641.5000,336.1000,12.1380,76.2300,137.5800,75.8000,272.8500,4.8340,269.6500,68.3800,82.9700,70.9800,6269.9702
2026-07-13,69.6400,35.0655,183.6000,843.7000,176.7400,195.2800,421.0000,1538.9468,48.8500,49.9200,22.3900,57.9200,72.2000,100.9200,44.3200,256.4000,119.3500,56.9400,26.7400,169.4000,9.9567,21.3169,21.1400,70.3700,28.0465,6.3250,54.8000,250.3500,44.2900,510.0000,16.4586,10.5086,381.8000,39.4850,327.9500,61.8961,1657.0000,330.1000,12.0100,77.1000,140.7200,74.8800,272.1000,4.9300,268.5500,70.4200,82.5700,71.4400,6271.0200
2026-07-14,69.7400,35.5777,180.6000,827.5000,178.5200,195.9400,421.0000,1553.9287,49.4200,49.1200,22.5700,57.3200,71.7200,102.3200,44.3100,255.0000,119.4000,57.2200,26.5900,165.1500,10.0171,21.4554,21.2400,71.8200,28.3673,6.3460,53.7200,244.2500,45.1100,512.0000,16.6302,10.2250,378.8000,39.1900,324.5000,61.1828,1644.5000,327.8000,11.9840,75.5000,136.7200,74.6200,272.9000,4.9990,273.1000,71.2000,82.1500,71.8800,6280.1899
2026-07-15,69.6800,35.3413,182.9000,872.0000,175.1400,195.3800,416.4000,1547.5364,47.9400,47.7100,22.2100,58.9200,71.8600,102.6400,43.9400,258.2000,119.6500,57.7200,26.6100,168.2000,9.9041,21.0104,21.1500,67.3100,28.5943,6.3400,54.0800,253.1500,46.2850,508.2000,16.5665,9.7344,378.6000,41.1950,329.1500,61.7997,1683.5000,330.8000,11.9680,76.2600,136.9800,76.8000,270.1000,5.1660,270.1500,70.6400,81.2900,74.4000,6265.5801
2026-07-16,70.7200,35.3807,182.9500,854.0000,177.0800,195.6200,419.6000,1596.4774,48.4150,47.7200,22.6000,58.3200,72.7600,102.9400,44.5000,260.9000,120.2000,56.9800,26.6800,169.5000,9.7482,20.8720,20.9700,64.7100,28.4610,6.3920,54.2800,255.4000,45.8600,512.2000,16.6940,9.1075,381.3500,40.4250,334.0500,63.6695,1706.0000,329.1000,11.9420,76.9400,137.6400,76.6200,270.7000,5.2500,264.3500,69.5900,82.6500,73.4600,6283.6099
2026-07-17,71.1000,35.7550,181.1000,833.1000,176.4600,194.3200,422.9000,1535.1512,48.5450,48.4600,22.0700,58.5400,72.9800,101.9400,44.8000,256.9000,117.9500,56.9000,27.1100,166.7000,9.9080,21.4010,21.2500,63.6600,27.9972,6.2820,53.7400,252.3000,45.5100,515.6000,16.7136,8.8089,381.7500,38.5050,328.8500,62.8791,1681.0000,329.5000,11.8140,77.3400,137.9200,75.9800,264.5500,5.0860,262.4500,70.5100,80.6000,73.1200,6230.8701
2026-07-20,71.1800,35.4398,181.5000,821.2000,177.7000,191.7800,422.8000,1518.9708,48.0700,47.3100,22.2200,58.3400,73.1400,103.3000,44.7600,255.2000,118.2500,56.2200,27.0900,168.2500,9.9000,21.3960,21.2800,64.0000,28.0860,6.3410,53.4400,253.4500,45.1350,516.6000,16.7774,8.8746,380.4000,39.9750,326.9000,63.2840,1676.0000,324.7000,11.7520,76.9100,138.2600,74.6000,265.1500,5.0520,264.7000,71.1400,81.1000,72.5400,6227.3999
2026-07-21,71.4800,35.0951,179.4000,820.6000,176.5200,194.6000,422.8000,1591.4834,48.2450,47.6200,22.5700,57.5600,71.4600,105.1600,44.7900,252.5000,118.4500,57.1200,26.6800,165.9500,9.8490,21.6234,21.3200,67.5400,28.6781,6.3670,54.1000,250.9500,44.9050,502.4000,16.9245,9.3403,378.7500,38.4950,325.0000,62.5900,1681.0000,322.9000,11.9060,76.7500,136.4200,73.9600,270.4500,5.0770,268.8000,72.8100,82.6200,72.5600,6285.6299
2026-07-22,72.5200,35.2330,179.2500,820.9000,176.7400,208.3000,426.1000,1587.6880,48.9700,46.9700,22.9400,57.6600,69.8800,106.7800,44.9100,253.8000,119.2500,57.0800,27.2300,164.4000,10.0360,22.0535,21.2700,69.8000,28.8311,6.4510,54.6000,250.7500,44.8500,503.8000,17.1354,9.1214,380.6500,37.1100,326.7000,63.1400,1679.5000,327.3000,12.0780,76.8400,132.0400,74.6000,271.2500,5.0870,269.0000,74.2900,83.2100,72.9600,6316.9902
2026-07-23,70.8200,33.2630,176.5000,795.4000,175.5800,204.5000,424.4000,1577.3004,48.8700,46.2000,22.2900,56.9200,68.4400,103.7600,44.7600,253.2000,118.0000,56.3400,26.1300,161.9000,9.8180,22.7061,21.0600,65.4900,28.1502,6.2810,53.8600,238.8000,44.3200,506.2000,16.6940,8.6577,368.8500,36.4550,315.4500,62.1800,1622.5000,321.4000,11.6120,76.3600,128.3200,72.8400,268.2000,5.0200,265.4000,76.1800,79.2200,72.9400,6210.1699
2026-07-24,71.6400,33.1153,173.6000,801.0000,176.5200,206.0500,427.1000,1561.1200,48.5700,46.0600,22.8600,56.9600,70.0000,105.9200,44.8300,258.1000,118.3500,57.0400,26.3900,163.5000,9.9270,22.7012,21.2100,64.4100,28.5696,6.4380,54.4600,242.3000,44.7750,509.0000,16.9441,8.1820,374.7000,36.7550,318.1500,62.9000,1643.0000,329.8000,11.9800,76.0300,140.2000,74.1600,272.2500,5.0200,268.0500,75.9000,80.4300,71.4600,6280.9399
2026-07-27,71.1200,33.7062,179.6500,835.8000,177.1800,208.9000,430.4000,1429.8000,48.2100,47.2300,23.2000,57.4800,70.7600,107.5800,45.1900,263.4000,117.9000,57.0600,27.0700,165.4000,9.9660,22.1475,21.2300,61.4900,28.8952,6.5040,55.4800,242.8500,45.3150,520.2000,17.1550,7.9300,375.5500,37.8500,331.8000,64.8000,1659.0000,333.2000,12.2560,77.7900,151.2800,74.7200,272.7500,4.9660,265.6000,74.3800,81.7400,70.7400,6282.2100
2026-07-28,73.4200,34.4154,181.1000,893.2000,173.5400,212.0000,432.4000,1388.4000,48.9650,47.0300,23.2500,59.5400,72.2400,108.2000,45.5700,266.2000,118.8000,57.3800,27.5900,168.6500,9.8700,21.7668,20.9000,57.7700,28.7521,6.4800,56.8200,250.5000,46.6200,527.0000,17.0079,7.8280,382.9000,38.5900,341.3500,67.7800,1695.5000,343.0000,12.2400,79.3800,159.2400,76.5600,271.7500,5.0760,262.0000,73.7800,81.5700,73.9200,6289.5098
2026-07-29,73.9000,34.3366,182.2500,881.0000,171.4800,209.9000,428.2000,1362.2000,50.8600,47.6900,22.8200,60.3000,70.5800,106.9200,45.0100,270.5000,118.3000,57.1800,27.5000,165.1000,9.8290,23.3092,20.6100,54.4800,28.3722,6.4540,56.4600,292.8500,46.8550,524.2000,16.9196,7.5560,383.5000,39.4950,339.8000,68.2800,1508.5000,339.8000,11.9520,79.9200,162.0400,75.5600,271.2500,5.2890,256.8000,75.8300,79.7700,75.3800,6248.8398
2026-07-30,73.7600,34.1199,161.2500,885.2000,171.7400,204.0000,431.5000,1440.0000,51.2400,48.4400,23.9600,60.1800,68.3400,108.8400,45.2200,263.9000,123.8500,57.8200,27.1000,163.6000,9.8420,23.6306,20.5200,59.4700,29.8180,6.5140,57.4800,290.6500,47.1000,522.8000,17.0716,7.9320,394.0000,39.8800,343.6500,67.8800,1550.5000,340.3000,12.2480,72.7700,155.9200,76.0400,281.1000,5.0610,284.6000,75.5700,81.7000,76.1400,6344.3999
2026-07-31,75.2000,33.8441,159.4000,876.9000,170.7200,202.2000,432.5000,1434.2000,50.4000,48.0500,24.2000,59.3000,67.5200,109.6600,44.9400,262.3000,122.5500,57.7600,26.7600,164.0500,9.7990,23.7097,20.6500,61.6700,30.0400,6.5390,56.4400,284.2000,46.7300,522.2000,17.1648,7.9580,386.9500,39.9650,340.1000,67.8200,1531.5000,338.4000,12.3180,74.4700,157.6800,81.2800,282.6500,4.9620,289.6000,76.4200,81.6100,74.6600,6358.0098
2026-08-03,73.4800,34.1495,164.8000,908.2000,170.3200,208.0000,432.9000,1419.6000,51.0600,47.1200,24.6800,60.0600,67.8000,111.7800,44.6300,267.0000,125.1000,57.4000,28.0800,169.6000,9.9120,23.4279,20.6500,61.4700,30.2850,6.6960,57.7600,288.4000,47.9500,521.0000,17.2629,8.1000,389.7500,40.9100,346.6500,68.7200,1560.5000,351.3000,12.5660,74.5000,164.6400,83.5200,285.3000,4.9475,290.1000,76.4300,83.8000,76.3000,6426.5000
2026-08-04,73.2000,33.8737,160.6500,938.4000,172.0600,214.1000,434.7000,1472.6000,50.4400,48.2500,24.6000,59.9600,68.0200,111.8800,44.6300,264.5000,126.8000,57.7200,27.8500,170.5000,9.9950,22.9879,20.5700,63.7200,30.6700,6.7880,58.1800,279.3000,48.2100,514.8000,17.4100,8.6260,387.5000,41.9400,348.2000,67.5600,1556.0000,356.4000,12.6420,74.3900,167.3800,84.9200,287.4500,4.9915,299.2500,74.2500,85.4600,76.9000,6486.7002
2026-08-05,73.9400,33.9229,163.0000,943.8000,173.5800,214.9500,436.6000,1465.8000,50.7000,49.2200,24.2900,59.1000,68.0000,112.1200,44.6700,269.0000,125.8000,55.5800,27.4200,171.4500,9.9500,22.8248,20.5800,60.0800,30.7700,6.7650,58.5000,284.3000,47.2600,515.0000,17.3200,8.4520,388.6000,41.5700,352.5000,68.1800,1546.0000,358.5000,12.7600,74.5000,169.2600,85.5400,285.9500,4.9005,300.4000,73.8000,84.8800,76.0800,6476.9800
2026-08-06,73.4400,33.4600,164.8000,933.2000,173.2200,212.4500,440.7000,1494.0000,51.3200,49.4000,24.5900,58.6200,68.1600,112.6000,45.0500,269.4000,126.6000,55.3000,29.1500,171.3000,9.9710,23.1362,20.7200,60.3200,30.8250,6.7970,58.8000,289.7500,46.7650,522.6000,17.5050,8.3260,390.4000,41.1800,355.7000,69.0200,1626.0000,355.2000,12.8640,74.3100,170.9800,84.7200,273.1000,4.8700,300.6000,74.5400,84.7300,75.5600,6502.5601
2026-08-07,72.8600,33.3300,164.0500,930.3000,172.3800,213.6000,433.5000,1499.0000,51.5000,49.8100,24.6000,59.7800,68.2200,112.4400,45.0500,274.1000,125.3500,55.3200,29.0400,172.3000,10.0440,23.0176,20.7000,62.0800,30.4900,6.8240,58.6600,286.6500,47.0850,515.4000,17.4850,8.1560,385.9000,42.4800,355.6500,70.3200,1635.5000,357.4000,12.8580,75.3100,177.9600,85.4400,279.8000,4.7890,303.7000,74.0900,84.4000,76.3200,6523.8599
2026-08-10,71.9800,33.0400,167.3500,934.7000,171.4400,214.6500,437.7000,1513.8000,51.6300,49.2300,24.7000,59.3000,68.0000,112.8000,44.9100,275.6000,124.5000,55.2600,28.1000,171.2500,9.9370,23.3092,20.5600,62.5300,30.6600,6.8580,59.1000,283.4000,47.0850,517.2000,17.3700,8.0400,388.5000,42.1450,352.8500,69.9400,1644.5000,363.2000,12.8520,75.5300,179.3000,84.5800,276.9500,4.8775,302.2500,75.5400,84.6000,75.4200,6535.6201
2026-08-11,69.9400,32.1400,162.2000,929.9000,171.6800,212.5000,435.7000,1554.0000,51.2600,48.9500,24.8000,60.1200,67.3000,111.7200,44.8300,274.0000,123.3000,55.3200,28.5600,171.7500,9.8470,23.7789,20.5900,62.8500,30.6800,6.8370,58.8800,283.5000,46.7800,514.6000,17.3150,8.2220,383.7000,41.0900,355.6000,69.2200,1643.5000,361.5000,12.8480,75.4000,180.7000,85.0000,280.2500,4.7505,305.7500,76.5900,84.8400,75.4400,6551.2202
2026-08-12,68.6800,31.8700,158.5000,910.0000,170.3400,213.6500,438.9000,1567.0000,51.2700,48.0000,24.8000,59.3200,67.0200,112.0000,44.7300,272.1000,123.3000,55.3200,28.1500,164.4000,9.7210,23.5910,20.6000,63.0900,30.9000,6.8550,57.9000,272.7500,46.1850,514.8000,17.3150,9.0100,380.4500,38.6600,351.6000,67.9600,1603.0000,363.6000,12.9120,75.4200,175.9600,84.2400,281.9500,4.6290,311.0000,75.5300,84.7500,73.8600,6533.9902
2026-08-13,69.6400,32.4600,159.2500,1059.2000,169.1400,212.9000,437.8000,1609.4000,50.1700,48.0600,24.9100,58.7600,67.9800,112.4000,44.6400,271.8000,121.9500,55.4800,28.4200,163.7500,9.6890,23.4378,20.3000,62.5000,30.8200,6.8760,57.8800,270.6000,45.4400,510.4000,17.3700,9.3080,383.3000,38.1000,355.2500,68.3400,1579.5000,358.0000,12.8880,76.4300,175.3800,84.1400,284.1000,4.6265,309.2500,75.4100,85.4100,72.9400,6545.4702
2026-08-14,68.6200,32.4000,157.5500,1061.6000,168.2600,215.4000,442.7000,1579.6000,51.1500,47.7900,24.9500,59.4000,67.2400,112.1000,45.0500,272.9000,120.8500,55.2600,28.6700,162.5500,9.4950,23.4279,20.2000,61.7300,30.8850,6.9170,57.6000,268.5500,46.0250,517.8000,17.4300,9.2300,379.5000,37.3950,356.8000,69.1600,1576.0000,360.5000,12.8980,75.5200,180.1400,83.9400,284.0000,4.6200,306.4000,75.7800,85.2300,73.7200,6539.5898
2026-08-17,67.0200,31.6600,152.6000,1031.4000,166.8200,214.2500,438.6000,1621.2000,50.5100,47.9000,24.8400,58.3400,65.2400,111.1400,44.6100,277.7000,119.9500,54.5800,28.3900,159.8000,9.4670,23.5070,20.1400,61.9700,30.9000,6.8850,56.3600,257.1000,45.5200,516.8000,17.3650,9.6000,370.0000,37.1250,361.6500,68.0800,1550.0000,361.1000,12.6880,76.6600,179.5800,81.2400,282.3000,4.4300,308.7500,75.9300,84.6600,73.2200,6530.4502
2026-08-18,67.0600,31.8400,154.7000,1054.2000,167.0400,209.8000,442.0000,1541.8000,50.9900,48.7400,24.8800,57.9600,65.4800,109.4000,44.5500,279.2000,119.4000,55.1600,28.8600,163.9000,9.4820,23.7294,20.2200,57.2400,30.6150,6.8810,57.0600,255.7000,45.0650,523.6000,17.2900,8.9000,375.4000,36.9600,357.4000,68.1800,1560.5000,353.1000,12.4540,77.6700,182.5000,79.7400,275.8000,4.3810,295.1000,76.9000,83.3800,73.0000,6468.1699
2026-08-19,66.5000,31.5500,155.9000,1054.6000,166.7800,208.0500,438.0000,1507.6000,51.7900,49.0100,24.6200,58.3600,65.6800,106.7800,43.9800,277.9000,120.3500,55.3200,29.1800,163.4500,9.4750,23.6602,20.0400,54.9800,29.8700,6.7870,58.2800,260.0500,45.0250,514.6000,17.1200,8.9040,382.5500,37.8950,362.5000,68.1200,1582.5000,349.1000,12.3000,78.5600,185.9000,80.8000,276.6500,4.6395,294.0000,77.6600,82.3700,74.8400,6444.4600
2026-08-20,66.5400,30.9400,151.0000,1062.8000,167.3800,204.8000,438.3000,1505.4000,51.5000,48.6100,24.5100,57.9200,66.1800,105.9600,43.5300,279.6000,119.4000,55.4000,28.7200,161.2000,9.4990,24.2732,20.1100,55.4100,29.7400,6.8150,57.5800,250.6000,44.7950,513.2000,17.0800,8.7800,385.8000,37.6150,364.1500,68.7600,1549.5000,343.6000,12.2260,77.7900,185.6400,80.8000,276.0000,4.4675,294.3000,78.3200,82.8200,74.4400,6422.0601
2026-08-21,67.1600,31.0400,154.4500,1074.0000,167.1200,203.7000,440.8000,1506.0000,51.6700,48.0400,24.8200,58.8800,66.3200,107.5000,43.7200,282.9000,119.3000,55.9800,28.9400,163.2000,9.5030,23.8679,20.0500,55.9700,29.8300,6.7690,58.2200,254.3000,45.2150,516.4000,17.2900,8.7560,386.6000,38.2950,371.1000,68.4200,1573.0000,343.6000,12.5500,78.9400,188.1200,81.2000,280.3500,4.6460,296.8000,77.4400,83.0300,75.0200,6462.2202
2026-08-24,68.5800,31.3800,155.2500,1078.6000,167.7000,202.7000,445.4000,1489.8000,52.4300,48.4800,25.0700,58.3200,66.1400,106.8000,44.1100,286.2000,118.6500,56.5000,29.0700,161.7000,9.5200,23.2697,20.0300,54.1600,30.0400,6.8190,58.4200,255.7500,45.0500,518.6000,17.2750,8.5800,392.5000,37.7750,363.7500,69.0000,1580.5000,339.9000,12.7020,78.2800,187.2000,80.2400,280.6000,4.4245,291.8000,75.9800,84.1300,73.8200,6447.9800
2026-08-25,67.4400,31.1900,152.6000,1079.0000,167.7800,204.5500,450.0000,1501.0000,51.6800,49.2600,24.6900,58.0000,65.4400,104.4400,43.6800,287.5000,119.6000,56.8400,29.1000,159.1500,9.5520,23.0027,20.1300,54.8500,30.1600,6.8400,58.2800,247.2000,44.9200,517.2000,17.4700,8.9100,388.5000,38.0500,361.8000,67.2000,1556.5000,343.8000,12.5800,78.7400,185.4600,81.2600,285.5500,4.4865,296.2500,75.7000,84.3300,73.3000,6455.6299
2026-08-26,67.7200,30.9400,150.7000,1071.4000,168.7200,205.8500,451.7000,1497.6000,51.7800,49.1100,24.9500,57.6800,65.7200,105.7200,43.7100,286.9000,119.5000,56.8200,28.9300,159.2000,9.5130,22.7654,20.1600,55.1900,30.5650,6.8610,58.2600,252.7500,44.6400,515.8000,17.4800,8.8220,387.2000,38.0100,356.1500,67.6000,1547.5000,350.4000,12.7100,78.2900,180.0200,82.3000,288.1000,4.4610,299.2000,75.2800,86.1500,72.4200,6470.7402
2026-08-27,67.2600,30.5600,153.1000,1079.6000,166.7800,203.4000,445.2000,1486.4000,51.5100,48.4800,24.6600,59.9400,64.7000,100.6600,42.9200,288.8000,114.8500,56.4200,28.1900,157.5000,9.3680,22.4540,20.0600,57.1700,30.1250,6.7410,57.7000,250.5500,45.5950,514.4000,17.4950,9.0040,384.8500,38.0100,355.8000,64.5000,1563.0000,343.2000,12.5420,77.2800,189.8800,79.4600,286.9500,4.5760,297.5500,74.1700,83.4200,75.0000,6424.7300
2026-08-28,68.2800,30.5700,154.2000,1090.4000,169.8000,203.0500,453.0000,1494.4000,52.5200,48.6700,25.0400,62.6400,64.4000,102.5600,43.6100,291.2000,114.3500,56.5200,28.5200,161.3500,9.4600,22.5331,20.2800,57.0800,30.4600,6.7800,58.3200,254.2000,46.9450,518.0000,17.6400,9.0600,388.5000,38.6900,362.6500,63.2000,1598.0000,344.2000,12.7120,77.2500,191.3200,79.7800,289.8500,4.6805,301.7500,74.6700,84.7100,77.4200,6485.6699
2026-08-31,68.2800,30.6500,151.4000,1047.4000,169.5400,197.2400,450.8000,1451.8000,52.9800,49.0400,25.0300,61.9800,64.2800,102.7800,43.1000,288.0000,113.1500,56.1400,28.3800,160.3500,9.4210,23.0423,20.0800,56.2900,30.4850,6.7890,58.0000,254.0500,47.2200,518.8000,17.6150,8.7280,384.7000,38.3300,364.5000,64.5000,1581.0000,337.0000,12.6640,76.8100,190.9000,78.3200,285.6000,4.7555,294.6000,75.5300,84.1400,77.6800,6420.1602
2026-09-01,68.4600,30.8400,147.9500,1006.8000,173.1800,196.1800,451.8000,1435.4000,53.0300,48.8800,24.8600,61.2000,64.5400,102.6000,43.7100,283.8000,114.1000,55.5800,28.3800,159.5500,9.2400,23.3982,19.8900,55.5400,30.5650,6.6680,57.5000,247.2000,46.9700,524.6000,17.6450,8.5800,379.3500,37.3500,355.5000,62.5400,1542.5000,331.6000,12.5840,76.8600,184.2600,76.4800,277.8500,4.6415,288.2000,77.6100,83.3400,76.5800,6368.9800
2026-09-02,68.6400,30.6600,149.5500,1038.6000,172.4800,196.9000,449.2000,1445.8000,53.3800,49.1800,25.0900,60.6800,64.2600,103.1000,43.3100,278.9000,111.6000,54.8800,28.4500,158.7000,9.0010,23.5416,19.6650,55.7700,31.3100,6.6530,56.1600,249.6500,46.3800,523.2000,17.5350,8.5080,385.0000,36.8550,357.0500,63.1400,1532.0000,328.7000,12.7120,77.1600,181.4400,75.0200,273.8000,4.5120,286.7500,78.3000,83.7700,73.7000,6362.1499
2026-09-03,68.8600,31.1500,148.7000,1043.0000,172.7600,197.0000,453.3000,1423.4000,53.5100,49.3400,25.4000,61.7600,63.6000,104.1400,44.2100,283.9000,113.1500,55.2000,28.7500,152.9500,9.0200,23.5910,19.7500,55.5300,31.7500,6.7380,56.8000,244.6000,47.1350,528.0000,17.9100,8.4100,378.5000,36.8800,357.7000,62.4600,1481.5000,331.5000,12.9020,76.2700,185.5800,75.5000,270.6000,4.7020,287.3500,78.0200,84.6400,76.3600,6382.5898
2026-09-04,69.0400,31.6600,149.1500,1026.6000,170.4400,198.9600,450.6000,1467.4000,53.3600,48.8500,25.3900,62.8000,63.7200,104.5400,44.6400,281.3000,113.9500,54.9600,28.4000,149.8000,9.0660,22.8149,19.8900,56.8600,32.0050,6.7360,57.4400,245.2000,47.6850,527.6000,17.9100,8.6560,383.9000,37.1250,353.2000,61.7600,1457.0000,333.5000,12.8680,76.2600,185.6800,75.7800,272.6500,4.7865,288.0000,76.1000,83.6700,81.3000,6392.9302
2026-09-07,68.0200,31.1000,147.6000,1000.4000,170.7600,198.6600,447.4000,1500.4000,53.0300,48.7100,25.3800,62.8400,63.5800,104.5400,44.1600,278.5000,113.6000,55.5000,28.2400,148.5500,8.9970,22.9483,19.8300,60.7900,32.1050,6.7340,57.5600,241.4000,48.1000,513.0000,17.8800,9.1800,384.6500,36.4550,356.1500,61.1200,1475.0000,333.1000,12.8860,75.6900,182.8000,74.6200,270.4000,4.8060,295.5000,77.3000,84.1500,81.0200,6403.9902
2026-09-08,68.7600,31.2700,147.8500,989.6000,173.1600,200.7000,445.4000,1518.0000,53.6700,49.4100,25.3500,63.7000,64.9200,103.8800,43.6600,280.1000,114.5000,55.1200,28.2500,149.6000,8.9500,23.2351,19.8800,58.4500,32.2450,6.6870,56.5200,244.4000,47.7700,502.4000,17.7950,9.1820,388.2000,36.2300,348.3000,60.7200,1442.5000,333.6000,12.9320,74.7000,181.7000,74.4000,272.5000,4.6715,299.6000,77.7500,84.4300,83.1000,6413.1699
2026-09-09,67.3400,30.9600,146.4500,951.6000,168.3200,196.3400,437.1000,1497.6000,52.7000,49.2600,25.0500,62.6600,62.9600,102.7600,42.9400,273.7000,111.8000,54.4400,27.7700,149.0000,8.8950,23.6800,19.9250,56.9500,31.6400,6.6560,54.4800,232.2500,46.6950,496.0000,17.6100,9.3840,381.7000,35.7350,346.0000,60.0400,1409.0000,322.8000,12.6960,74.2400,182.8600,71.5000,264.4000,4.5675,289.7000,78.2100,84.2200,81.7000,6311.5601
2026-09-10,67.1400,30.9400,142.7000,919.0000,166.7800,195.7800,439.5000,1474.2000,53.3400,48.7000,24.9500,62.7000,61.7600,102.6400,42.9700,279.7000,110.5500,54.9400,27.8800,145.8500,8.9330,23.7838,20.0200,55.8000,31.6350,6.6620,54.5800,234.1500,46.8550,498.0000,17.6900,9.2400,375.5500,35.2950,351.2000,59.5000,1409.0000,322.0000,12.6420,73.5700,177.8200,71.3200,258.1000,4.5465,287.4000,78.3800,83.8000,81.1800,6268.9702
2026-09-11,67.1800,30.7900,142.7500,928.7000,166.5200,199.4000,442.3000,1478.4000,51.8300,48.1700,25.4100,63.0000,61.3800,103.7600,43.1900,276.3000,111.4500,55.0200,28.5900,146.4000,8.9570,23.7294,20.1600,58.5600,32.0900,6.8320,54.0200,238.6000,46.6800,503.4000,17.8200,9.5580,379.8500,35.6150,356.2000,59.4200,1399.5000,330.2000,12.8860,73.2600,177.2600,71.5200,264.6500,4.6700,291.1000,78.7700,85.1700,81.1800,6325.1299
2026-09-14,69.0200,31.7900,143.9000,951.5000,166.8800,195.0000,444.5000,1387.8000,52.3800,49.3300,25.0800,62.7200,62.2800,102.8000,43.6700,282.0000,110.7000,55.8400,28.9300,147.7000,8.7420,23.7393,19.7150,54.0400,31.9200,6.7110,53.7200,238.0000,46.6550,510.6000,17.6050,8.5900,384.2000,35.9200,352.1500,61.2000,1414.0000,321.6000,12.7720,75.4300,186.2600,69.5800,261.8000,4.5400,272.0500,79.5300,84.4700,81.4600,6260.3799
2026-09-15,68.7600,31.9600,141.9000,931.6000,166.2400,194.8000,444.6000,1378.8000,51.8400,48.7100,24.9000,62.8600,61.5800,101.3000,43.6200,277.4000,110.6000,55.8000,28.9000,144.4000,8.7410,24.1546,20.0400,54.3300,31.6900,6.6980,52.5800,234.3500,46.5600,512.8000,17.6400,8.6880,381.2000,36.4450,352.7000,60.7600,1375.0000,322.3000,12.6660,74.2100,187.0800,69.5800,258.8000,4.4870,275.3000,80.4900,82.5800,81.0200,6236.5000
2026-09-16,69.0400,32.1300,144.6500,914.7000,166.4200,196.2800,449.2000,1396.2000,52.1300,48.9800,24.7200,62.1400,60.9200,102.3200,44.2100,277.2000,112.0000,55.7600,28.8400,145.1000,8.8980,23.9618,20.2400,55.0000,31.9350,6.7380,52.7800,238.0000,45.3650,511.6000,17.7000,8.8360,381.9000,35.5650,356.9500,60.5400,1383.0000,326.3000,12.6900,74.3500,186.5600,69.6600,260.5000,4.3375,279.4000,80.0300,82.9200,78.8800,6266.5000
